test,browser,view,date,weekday,runs,latency_avg_ms,latency_p95_ms,ttfb_avg_ms,ttfb_p95_ms,lcp_avg_ms,lcp_p95_ms,cls_max,requests_avg,requests_sum,failed_sum,transfer_bytes_sum,encoded_bytes_sum,first_ts,last_ts
Alle Spalten Ansicht,Google Chrome,24h,2026-01-21,Wed,73,16797.726,24109.000,2646.315,6202.000,3573.096,6800.000,0.645,139.219,10163.000,,196508774.000,193473074.000,1768996200,1769765400
Alle Spalten Ansicht,Google Chrome,24h,2026-01-22,Thu,140,16239.243,23369.000,2552.632,3342.000,3454.556,6980.000,0.650,139.465,20083.000,,387660066.000,381665166.000,1768996200,1769765400
Alle Spalten Ansicht,Google Chrome,24h,2026-01-23,Fri,144,17942.326,24710.000,2837.625,6198.000,3678.111,6860.000,0.651,139.583,20100.000,,387667444.000,381671044.000,1768996200,1769765400
Alle Spalten Ansicht,Google Chrome,24h,2026-01-24,Sat,133,18374.316,22962.000,2412.340,4721.000,3267.639,5872.000,0.646,139.861,20140.000,,387350846.000,381340646.000,1768996200,1769765400
Alle Spalten Ansicht,Google Chrome,24h,2026-01-25,Sun,144,18208.556,23869.000,2274.931,2887.000,3013.056,3724.000,0.646,141.153,20326.000,,388791263.000,382743263.000,1768996200,1769765400
Alle Spalten Ansicht,Google Chrome,24h,2026-01-26,Mon,142,18065.162,23980.000,2655.203,6550.000,3430.266,7068.000,0.645,140.287,20061.000,,386049185.000,380056085.000,1768996200,1769765400
Alle Spalten Ansicht,Google Chrome,24h,2026-01-27,Tue,144,17625.521,23412.000,2592.208,3374.000,3367.250,4196.000,0.642,140.514,20234.000,,388760775.000,382722375.000,1768996200,1769765400
Alle Spalten Ansicht,Google Chrome,24h,2026-01-28,Wed,142,19374.479,27794.000,2843.049,7718.000,3623.806,8272.000,0.642,140.625,20250.000,,388765544.000,382725944.000,1768996200,1769765400
Alle Spalten Ansicht,Google Chrome,24h,2026-01-29,Thu,144,20246.396,27069.000,2224.111,2860.000,3039.222,3780.000,0.714,140.465,20227.000,2.000,388767872.000,382730372.000,1768996200,1769765400
Alle Spalten Ansicht,Google Chrome,24h,2026-01-30,Fri,58,19838.914,27376.000,2712.138,7092.000,3490.000,7788.000,0.645,140.983,8177.000,,156596288.000,154162388.000,1768996200,1769765400
Alle Spalten Ansicht,Google Chrome,core,2026-01-21,Wed,31,16250.710,24109.000,2592.484,2918.000,3611.613,6500.000,0.641,138.581,4296.000,,83440392.000,82153992.000,1768996200,1769765400
Alle Spalten Ansicht,Google Chrome,core,2026-01-22,Thu,60,16097.750,22885.000,2567.483,3342.000,3342.200,4036.000,0.642,139.183,8351.000,,161513180.000,159019880.000,1768996200,1769765400
Alle Spalten Ansicht,Google Chrome,core,2026-01-23,Fri,60,17826.583,24076.000,2982.333,7395.000,3783.133,8400.000,0.651,138.967,8338.000,,161514178.000,159019978.000,1768996200,1769765400
Alle Spalten Ansicht,Google Chrome,core,2026-01-24,Sat,60,18413.617,24846.000,2303.083,2908.000,3040.333,3696.000,0.645,139.733,8384.000,,161537864.000,159035864.000,1768996200,1769765400
Alle Spalten Ansicht,Google Chrome,core,2026-01-25,Sun,60,18509.283,23195.000,2284.050,3608.000,3045.000,4336.000,0.642,141.133,8468.000,,161996146.000,159476146.000,1768996200,1769765400
Alle Spalten Ansicht,Google Chrome,core,2026-01-26,Mon,58,16149.241,24488.000,2841.576,7988.000,3638.441,8760.000,0.642,139.661,8240.000,,159260296.000,156793696.000,1768996200,1769765400
Alle Spalten Ansicht,Google Chrome,core,2026-01-27,Tue,60,17565.467,24376.000,2951.667,8233.000,3694.800,9100.000,0.642,140.167,8410.000,,161972078.000,159459878.000,1768996200,1769765400
Alle Spalten Ansicht,Google Chrome,core,2026-01-28,Wed,58,20568.017,29321.000,3391.850,7741.000,4139.200,8424.000,0.641,140.300,8418.000,,161972209.000,159460009.000,1768996200,1769765400
Alle Spalten Ansicht,Google Chrome,core,2026-01-29,Thu,60,20112.350,27069.000,2264.917,3002.000,3080.733,3916.000,0.642,139.983,8399.000,2.000,161969551.000,159458851.000,1768996200,1769765400
Alle Spalten Ansicht,Google Chrome,core,2026-01-30,Fri,16,17073.688,28180.000,3455.750,10040.000,4271.250,10660.000,0.645,139.938,2239.000,,43193741.000,42523841.000,1768996200,1769765400
Alle Spalten Ansicht,Google Chrome,offhours,2026-01-21,Wed,36,17311.667,22356.000,2740.917,6202.000,3623.111,6800.000,0.645,139.944,5038.000,,96919520.000,95418920.000,1768996200,1769765400
Alle Spalten Ansicht,Google Chrome,offhours,2026-01-22,Thu,68,15823.647,23369.000,2457.514,3228.000,3496.333,6980.000,0.650,139.681,10057.000,,193842161.000,190840061.000,1768996200,1769765400
Alle Spalten Ansicht,Google Chrome,offhours,2026-01-23,Fri,72,17694.125,23310.000,2674.639,5633.000,3566.167,6104.000,0.642,140.083,10086.000,,193845804.000,190844004.000,1768996200,1769765400
Alle Spalten Ansicht,Google Chrome,offhours,2026-01-24,Sat,61,18587.344,22962.000,2441.403,3373.000,3422.889,5944.000,0.646,140.083,10086.000,,193506053.000,190498253.000,1768996200,1769765400
Alle Spalten Ansicht,Google Chrome,offhours,2026-01-25,Sun,72,17750.542,25080.000,2294.569,2827.000,3005.222,3532.000,0.646,141.139,10162.000,,194395585.000,191371585.000,1768996200,1769765400
Alle Spalten Ansicht,Google Chrome,offhours,2026-01-26,Mon,72,19673.000,23980.000,2491.361,3299.000,3256.611,4016.000,0.645,140.806,10138.000,,194392790.000,191369390.000,1768996200,1769765400
Alle Spalten Ansicht,Google Chrome,offhours,2026-01-27,Tue,72,17724.236,21350.000,2351.958,2858.000,3150.222,4064.000,0.642,140.917,10146.000,,194392322.000,191369522.000,1768996200,1769765400
Alle Spalten Ansicht,Google Chrome,offhours,2026-01-28,Wed,72,18326.889,25279.000,2470.264,2831.000,3266.889,3540.000,0.642,140.861,10142.000,,194394614.000,191371214.000,1768996200,1769765400
Alle Spalten Ansicht,Google Chrome,offhours,2026-01-29,Thu,72,20212.528,24164.000,2207.764,2811.000,3018.056,3676.000,0.646,140.861,10142.000,,194399925.000,191376525.000,1768996200,1769765400
Alle Spalten Ansicht,Google Chrome,offhours,2026-01-30,Fri,36,21094.167,24901.000,2357.972,2711.000,3135.889,3440.000,0.642,141.444,5092.000,,97202322.000,95690322.000,1768996200,1769765400
Falladmin Dashboard,Google Chrome,24h,2026-01-21,Wed,73,8193.068,10088.000,2161.863,3063.000,4375.616,5648.000,0.365,136.438,9960.000,1.000,279556080.000,283119361.000,1768996200,1769765400
Falladmin Dashboard,Google Chrome,24h,2026-01-22,Thu,140,8616.736,10302.000,2261.396,3263.000,4729.889,6148.000,0.413,136.396,19641.000,,551451631.000,558480499.000,1768996200,1769765400
Falladmin Dashboard,Google Chrome,24h,2026-01-23,Fri,144,8558.750,10450.000,2220.097,3525.000,4596.944,6600.000,0.406,136.451,19649.000,,551437499.000,558463967.000,1768996200,1769765400
Falladmin Dashboard,Google Chrome,24h,2026-01-24,Sat,133,8503.722,9779.000,2155.583,2584.000,4547.833,5280.000,0.365,137.104,19743.000,,551512718.000,558522986.000,1768996200,1769765400
Falladmin Dashboard,Google Chrome,24h,2026-01-25,Sun,144,8247.653,9991.000,2048.069,2955.000,4378.639,5712.000,0.410,138.049,19879.000,,552559614.000,559530882.000,1768996200,1769765400
Falladmin Dashboard,Google Chrome,24h,2026-01-26,Mon,142,8700.620,12218.000,2360.688,3659.000,4741.444,6428.000,0.365,137.465,19795.000,,552500592.000,559486860.000,1768996200,1769765400
Falladmin Dashboard,Google Chrome,24h,2026-01-27,Tue,144,8837.271,12035.000,2256.604,2776.000,4714.694,5580.000,0.417,137.646,19821.000,,552498046.000,559477714.000,1768996200,1769765400
Falladmin Dashboard,Google Chrome,24h,2026-01-28,Wed,142,9207.620,13119.000,2574.910,6756.000,5065.306,8968.000,0.415,137.181,19754.000,,552469441.000,559453609.000,1768996200,1769765400
Falladmin Dashboard,Google Chrome,24h,2026-01-29,Thu,144,9029.951,12214.000,2123.799,2641.000,4692.667,5628.000,0.418,137.326,19775.000,,552451679.000,559437347.000,1768996200,1769765400
Falladmin Dashboard,Google Chrome,24h,2026-01-30,Fri,58,9016.431,12134.000,2658.121,6730.000,5070.483,9616.000,0.415,137.655,7984.000,,222524662.000,225334688.000,1768996200,1769765400
Falladmin Dashboard,Google Chrome,core,2026-01-21,Wed,31,8059.323,10088.000,2127.839,3063.000,4181.419,5648.000,0.365,135.935,4214.000,,118709331.000,120224338.000,1768996200,1769765400
Falladmin Dashboard,Google Chrome,core,2026-01-22,Thu,60,8961.983,13084.000,2509.083,4787.000,4946.667,9340.000,0.364,136.017,8161.000,,229756412.000,232691132.000,1768996200,1769765400
Falladmin Dashboard,Google Chrome,core,2026-01-23,Fri,60,8842.900,13030.000,2337.183,3938.000,4670.400,7224.000,0.365,135.950,8157.000,,229751284.000,232683604.000,1768996200,1769765400
Falladmin Dashboard,Google Chrome,core,2026-01-24,Sat,60,8709.817,10142.000,2524.767,2584.000,4876.600,6812.000,0.365,136.933,8216.000,,229776688.000,232699708.000,1768996200,1769765400
Falladmin Dashboard,Google Chrome,core,2026-01-25,Sun,60,8270.100,10424.000,2090.850,3136.000,4346.867,6176.000,0.364,138.033,8282.000,,230234057.000,233138477.000,1768996200,1769765400
Falladmin Dashboard,Google Chrome,core,2026-01-26,Mon,58,8571.017,12606.000,2391.167,3659.000,4704.733,7212.000,0.365,136.967,8218.000,,230194717.000,233109937.000,1768996200,1769765400
Falladmin Dashboard,Google Chrome,core,2026-01-27,Tue,60,9021.233,12035.000,2273.983,6183.000,4722.267,8896.000,0.364,137.083,8225.000,,230193056.000,233106176.000,1768996200,1769765400
Falladmin Dashboard,Google Chrome,core,2026-01-28,Wed,58,9771.603,16345.000,3142.167,8422.000,5583.067,10164.000,0.363,136.750,8205.000,,230179033.000,233095153.000,1768996200,1769765400
Falladmin Dashboard,Google Chrome,core,2026-01-29,Thu,60,9212.283,13240.000,2140.617,3173.000,4653.000,5628.000,0.365,136.817,8209.000,,230172400.000,233088520.000,1768996200,1769765400
Falladmin Dashboard,Google Chrome,core,2026-01-30,Fri,16,8320.625,13565.000,3491.188,8299.000,5805.000,11016.000,0.364,136.875,2190.000,,61380828.000,62157580.000,1768996200,1769765400
Falladmin Dashboard,Google Chrome,offhours,2026-01-21,Wed,36,8319.917,11798.000,2233.972,5946.000,4560.333,8468.000,0.364,136.972,4931.000,,137870309.000,139625501.000,1768996200,1769765400
Falladmin Dashboard,Google Chrome,offhours,2026-01-22,Thu,68,8383.382,10302.000,2077.403,2574.000,4551.333,5452.000,0.413,136.639,9838.000,,275736996.000,279246780.000,1768996200,1769765400
Falladmin Dashboard,Google Chrome,offhours,2026-01-23,Fri,72,8426.556,9776.000,2143.764,2481.000,4531.889,5060.000,0.406,136.917,9858.000,,275735086.000,279243070.000,1768996200,1769765400
Falladmin Dashboard,Google Chrome,offhours,2026-01-24,Sat,61,8380.557,9779.000,1873.625,2358.000,4328.500,4764.000,0.365,137.306,9886.000,,275782817.000,279284801.000,1768996200,1769765400
Falladmin Dashboard,Google Chrome,offhours,2026-01-25,Sun,72,8277.181,9991.000,2033.389,2732.000,4417.611,5488.000,0.410,138.181,9949.000,,276279027.000,279765111.000,1768996200,1769765400
Falladmin Dashboard,Google Chrome,offhours,2026-01-26,Mon,72,8872.125,12201.000,2345.208,3428.000,4775.944,5760.000,0.365,137.917,9930.000,,276264241.000,279753025.000,1768996200,1769765400
Falladmin Dashboard,Google Chrome,offhours,2026-01-27,Tue,72,8830.764,9689.000,2326.736,2776.000,4791.278,5288.000,0.413,138.000,9936.000,,276260963.000,279746747.000,1768996200,1769765400
Falladmin Dashboard,Google Chrome,offhours,2026-01-28,Wed,72,8834.625,9991.000,2207.444,2536.000,4719.222,5244.000,0.415,137.458,9897.000,,276249298.000,279735982.000,1768996200,1769765400
Falladmin Dashboard,Google Chrome,offhours,2026-01-29,Thu,72,8980.750,11562.000,2149.361,2606.000,4773.833,6424.000,0.418,137.694,9914.000,,276241337.000,279728921.000,1768996200,1769765400
Falladmin Dashboard,Google Chrome,offhours,2026-01-30,Fri,36,9119.889,10636.000,2312.722,5280.000,4758.444,7824.000,0.365,138.111,4972.000,,138123351.000,139866243.000,1768996200,1769765400
Latenztest-E-Antrag,Google Chrome,24h,2026-01-23,Fri,57,5151.895,5265.000,16.000,22.000,4783.579,4884.000,0.007,23.000,1311.000,342.000,444797847.000,444507147.000,1769178600,1769765400
Latenztest-E-Antrag,Google Chrome,24h,2026-01-24,Sat,133,5031.421,5450.000,15.396,23.000,4779.639,4956.000,0.007,23.000,3312.000,864.000,1123699824.000,1122965424.000,1769178600,1769765400
Latenztest-E-Antrag,Google Chrome,24h,2026-01-25,Sun,144,5201.076,5304.000,15.681,22.000,4768.528,4880.000,0.007,23.000,3312.000,864.000,1123699824.000,1122965424.000,1769178600,1769765400
Latenztest-E-Antrag,Google Chrome,24h,2026-01-26,Mon,142,5144.845,5428.000,14.819,21.000,4767.833,4868.000,0.007,23.000,3312.000,864.000,1123699824.000,1122965424.000,1769178600,1769765400
Latenztest-E-Antrag,Google Chrome,24h,2026-01-27,Tue,144,5345.757,5516.000,15.125,19.000,4789.861,4980.000,0.007,23.000,3312.000,864.000,1123699824.000,1122965424.000,1769178600,1769765400
Latenztest-E-Antrag,Google Chrome,24h,2026-01-28,Wed,142,5492.451,5700.000,15.521,21.000,4876.389,5092.000,0.007,23.000,3312.000,864.000,1123699824.000,1122965424.000,1769178600,1769765400
Latenztest-E-Antrag,Google Chrome,24h,2026-01-29,Thu,144,5563.826,5724.000,14.882,20.000,4870.972,5040.000,0.007,23.000,3312.000,864.000,1123699824.000,1122965424.000,1769178600,1769765400
Latenztest-E-Antrag,Google Chrome,24h,2026-01-30,Fri,58,5478.293,5603.000,14.534,17.000,4758.552,4872.000,0.007,23.000,1334.000,348.000,452601318.000,452305518.000,1769178600,1769765400
Latenztest-E-Antrag,Google Chrome,core,2026-01-23,Fri,15,5107.133,5251.000,15.600,18.000,4754.933,4884.000,0.007,23.000,345.000,90.000,117052065.000,116975565.000,1769178600,1769765400
Latenztest-E-Antrag,Google Chrome,core,2026-01-24,Sat,60,5164.083,5450.000,16.133,24.000,4761.933,5060.000,0.007,23.000,1380.000,360.000,468208260.000,467902260.000,1769178600,1769765400
Latenztest-E-Antrag,Google Chrome,core,2026-01-25,Sun,60,5180.500,5252.000,15.817,26.000,4745.933,4840.000,0.007,23.000,1380.000,360.000,468208260.000,467902260.000,1769178600,1769765400
Latenztest-E-Antrag,Google Chrome,core,2026-01-26,Mon,58,4902.914,5353.000,13.617,15.000,4766.267,4852.000,0.007,23.000,1380.000,360.000,468208260.000,467902260.000,1769178600,1769765400
Latenztest-E-Antrag,Google Chrome,core,2026-01-27,Tue,60,5318.767,5425.000,15.567,16.000,4780.467,5052.000,0.007,23.000,1380.000,360.000,468208260.000,467902260.000,1769178600,1769765400
Latenztest-E-Antrag,Google Chrome,core,2026-01-28,Wed,58,5376.552,5641.000,14.250,17.000,4769.933,5032.000,0.007,23.000,1380.000,360.000,468208260.000,467902260.000,1769178600,1769765400
Latenztest-E-Antrag,Google Chrome,core,2026-01-29,Thu,60,5462.800,5853.000,13.667,16.000,4751.800,4992.000,0.007,23.000,1380.000,360.000,468208260.000,467902260.000,1769178600,1769765400
Latenztest-E-Antrag,Google Chrome,core,2026-01-30,Fri,16,5469.063,5527.000,13.563,15.000,4730.250,4776.000,0.007,23.000,368.000,96.000,124855536.000,124773936.000,1769178600,1769765400
Latenztest-E-Antrag,Google Chrome,offhours,2026-01-23,Fri,36,5179.389,5265.000,16.278,22.000,4804.222,4884.000,0.007,23.000,828.000,216.000,280924956.000,280741356.000,1769178600,1769765400
Latenztest-E-Antrag,Google Chrome,offhours,2026-01-24,Sat,61,4874.098,5519.000,14.653,20.000,4794.667,4956.000,0.007,23.000,1656.000,432.000,561849912.000,561482712.000,1769178600,1769765400
Latenztest-E-Antrag,Google Chrome,offhours,2026-01-25,Sun,72,5218.000,5337.000,15.750,22.000,4792.889,4900.000,0.007,23.000,1656.000,432.000,561849912.000,561482712.000,1769178600,1769765400
Latenztest-E-Antrag,Google Chrome,offhours,2026-01-26,Mon,72,5314.736,5410.000,15.931,21.000,4773.889,4888.000,0.007,23.000,1656.000,432.000,561849912.000,561482712.000,1769178600,1769765400
Latenztest-E-Antrag,Google Chrome,offhours,2026-01-27,Tue,72,5371.514,5516.000,14.667,17.000,4795.778,4980.000,0.007,23.000,1656.000,432.000,561849912.000,561482712.000,1769178600,1769765400
Latenztest-E-Antrag,Google Chrome,offhours,2026-01-28,Wed,72,5577.000,5901.000,16.556,24.000,4961.833,5272.000,0.007,23.000,1656.000,432.000,561849912.000,561482712.000,1769178600,1769765400
Latenztest-E-Antrag,Google Chrome,offhours,2026-01-29,Thu,72,5671.958,5724.000,15.875,20.000,4987.111,5048.000,0.007,23.000,1656.000,432.000,561849912.000,561482712.000,1769178600,1769765400
Latenztest-E-Antrag,Google Chrome,offhours,2026-01-30,Fri,36,5474.528,5603.000,15.333,19.000,4769.556,4872.000,0.007,23.000,828.000,216.000,280924956.000,280741356.000,1769178600,1769765400
Latenztest-EaSe-Dashboard,Google Chrome,24h,2026-01-21,Wed,73,16239.068,22815.000,2361.521,5634.000,2828.274,6028.000,0.211,144.630,10558.000,,279580824.000,286195717.000,1768996200,1769765400
Latenztest-EaSe-Dashboard,Google Chrome,24h,2026-01-22,Thu,140,11727.829,21981.000,2985.652,10117.000,3788.750,10740.000,0.333,144.786,16216.000,,428986210.000,439130402.000,1768996200,1769765400
Latenztest-EaSe-Dashboard,Google Chrome,24h,2026-01-23,Fri,144,8651.875,19227.000,2269.293,3209.000,2720.829,3628.000,0.354,144.427,11843.000,,314080170.000,321510832.000,1768996200,1769765400
Latenztest-EaSe-Dashboard,Google Chrome,24h,2026-01-24,Sat,133,-1.000,-1.000,,,,,,,,,,,1768996200,1769765400
Latenztest-EaSe-Dashboard,Google Chrome,24h,2026-01-25,Sun,144,5805.688,20375.000,2709.200,6022.000,3197.422,6460.000,0.211,146.111,6575.000,,172713130.000,176773975.000,1768996200,1769765400
Latenztest-EaSe-Dashboard,Google Chrome,24h,2026-01-26,Mon,142,15587.908,24882.000,2550.444,6130.000,3044.750,6572.000,0.340,145.368,20933.000,,552651898.000,565660702.000,1768996200,1769765400
Latenztest-EaSe-Dashboard,Google Chrome,24h,2026-01-27,Tue,144,10352.188,21686.000,2055.681,2667.000,2547.489,3512.000,0.322,145.372,13665.000,2.000,360758760.000,369247114.000,1768996200,1769765400
Latenztest-EaSe-Dashboard,Google Chrome,24h,2026-01-28,Wed,142,2978.261,17793.000,2232.567,3579.000,2733.867,4504.000,0.169,145.033,4351.000,,115125867.000,117837597.000,1768996200,1769765400
Latenztest-EaSe-Dashboard,Google Chrome,24h,2026-01-29,Thu,144,616.771,-1.000,2068.833,2230.000,2534.667,2640.000,0.211,146.667,880.000,,23026397.000,23567843.000,1768996200,1769765400
Latenztest-EaSe-Dashboard,Google Chrome,24h,2026-01-30,Fri,58,15938.517,22909.000,2637.379,6981.000,3091.724,7396.000,0.211,145.810,8457.000,,222595695.000,227831773.000,1768996200,1769765400
Latenztest-EaSe-Dashboard,Google Chrome,core,2026-01-21,Wed,31,17034.032,22815.000,2553.677,3075.000,3017.032,3516.000,0.206,144.290,4473.000,,118717876.000,121529147.000,1768996200,1769765400
Latenztest-EaSe-Dashboard,Google Chrome,core,2026-01-22,Thu,60,8348.917,23223.000,3245.375,8293.000,3730.125,8700.000,0.211,144.188,4614.000,,122561535.000,125462447.000,1768996200,1769765400
Latenztest-EaSe-Dashboard,Google Chrome,core,2026-01-23,Fri,60,10950.517,21963.000,2579.450,3760.000,3017.600,4188.000,0.354,144.175,5767.000,,153201846.000,156829786.000,1768996200,1769765400
Latenztest-EaSe-Dashboard,Google Chrome,core,2026-01-24,Sat,60,-1.000,-1.000,,,,,,,,,,,1768996200,1769765400
Latenztest-EaSe-Dashboard,Google Chrome,core,2026-01-25,Sun,60,914.683,-1.000,6022.000,6022.000,6460.000,6460.000,0.192,147.000,441.000,,11514387.000,11785110.000,1768996200,1769765400
Latenztest-EaSe-Dashboard,Google Chrome,core,2026-01-26,Mon,58,16432.155,28491.000,2660.583,4130.000,3141.133,4632.000,0.209,144.733,8684.000,,230254439.000,235679699.000,1768996200,1769765400
Latenztest-EaSe-Dashboard,Google Chrome,core,2026-01-27,Tue,60,14462.333,25833.000,2174.173,3580.000,2641.308,3984.000,0.320,145.096,7545.000,2.000,199559291.000,204257523.000,1768996200,1769765400
Latenztest-EaSe-Dashboard,Google Chrome,core,2026-01-28,Wed,58,7293.052,20468.000,2232.567,3579.000,2733.867,4504.000,0.169,145.033,4351.000,,115125867.000,117837597.000,1768996200,1769765400
Latenztest-EaSe-Dashboard,Google Chrome,core,2026-01-29,Thu,60,-1.000,-1.000,,,,,,,,,,,1768996200,1769765400
Latenztest-EaSe-Dashboard,Google Chrome,core,2026-01-30,Fri,16,16587.125,22909.000,3337.438,6981.000,3788.500,7396.000,0.204,145.313,2325.000,,61402337.000,62848293.000,1768996200,1769765400
Latenztest-EaSe-Dashboard,Google Chrome,offhours,2026-01-21,Wed,36,15659.472,20683.000,2319.361,5634.000,2791.222,6028.000,0.211,144.944,5218.000,,137884990.000,141144466.000,1768996200,1769765400
Latenztest-EaSe-Dashboard,Google Chrome,offhours,2026-01-22,Thu,68,14949.044,21194.000,2766.653,8473.000,3747.056,9696.000,0.333,145.028,10442.000,,275780893.000,282299845.000,1768996200,1769765400
Latenztest-EaSe-Dashboard,Google Chrome,offhours,2026-01-23,Fri,72,6963.792,16367.000,2008.056,2362.000,2475.889,2800.000,0.206,144.778,5212.000,,137897269.000,141156745.000,1768996200,1769765400
Latenztest-EaSe-Dashboard,Google Chrome,offhours,2026-01-24,Sat,61,-1.000,-1.000,,,,,,,,,,,1768996200,1769765400
Latenztest-EaSe-Dashboard,Google Chrome,offhours,2026-01-25,Sun,72,8582.069,20375.000,2574.194,5428.000,3067.111,5848.000,0.211,146.000,5256.000,,138170915.000,141419591.000,1768996200,1769765400
Latenztest-EaSe-Dashboard,Google Chrome,offhours,2026-01-26,Mon,72,15122.736,22679.000,2534.417,6411.000,3040.333,6840.000,0.340,145.903,10505.000,,276342354.000,282841806.000,1768996200,1769765400
Latenztest-EaSe-Dashboard,Google Chrome,offhours,2026-01-27,Tue,72,7505.486,19219.000,1923.306,2399.000,2454.000,3028.000,0.322,145.722,5246.000,,138172535.000,141421211.000,1768996200,1769765400
Latenztest-EaSe-Dashboard,Google Chrome,offhours,2026-01-28,Wed,72,-1.000,-1.000,,,,,,,,,,,1768996200,1769765400
Latenztest-EaSe-Dashboard,Google Chrome,offhours,2026-01-29,Thu,72,1234.542,13344.000,2068.833,2230.000,2534.667,2640.000,0.211,146.667,880.000,,23026397.000,23567843.000,1768996200,1769765400
Latenztest-EaSe-Dashboard,Google Chrome,offhours,2026-01-30,Fri,36,15013.694,19049.000,2137.917,2848.000,2596.000,3248.000,0.211,145.889,5252.000,,138166448.000,141415124.000,1768996200,1769765400
Latenztest-PDF-oeffnen,Google Chrome,24h,2026-01-21,Wed,73,5837.521,10335.000,1820.041,4678.000,2260.329,5252.000,0.182,162.425,11857.000,,193227100.000,202908984.000,1768996200,1769765400
Latenztest-PDF-oeffnen,Google Chrome,24h,2026-01-22,Thu,140,7009.729,17801.000,2444.042,9493.000,2944.639,10044.000,0.182,163.188,23499.000,,381300101.000,400414391.000,1768996200,1769765400
Latenztest-PDF-oeffnen,Google Chrome,24h,2026-01-23,Fri,144,6198.931,10451.000,1767.556,2950.000,2245.389,3368.000,0.182,162.681,23426.000,,380482026.000,399588978.000,1768996200,1769765400
Latenztest-PDF-oeffnen,Google Chrome,24h,2026-01-24,Sat,133,4961.842,6060.000,1295.597,1659.000,1737.028,2232.000,0.182,162.653,23422.000,,380243996.000,399363772.000,1768996200,1769765400
Latenztest-PDF-oeffnen,Google Chrome,24h,2026-01-25,Sun,144,5175.625,7362.000,1472.743,2039.000,1932.000,2728.000,0.182,162.875,23454.000,,380403957.000,399539925.000,1768996200,1769765400
Latenztest-PDF-oeffnen,Google Chrome,24h,2026-01-26,Mon,142,6249.254,13444.000,1905.417,4987.000,2381.583,5600.000,0.182,162.861,23452.000,,380888599.000,400029313.000,1768996200,1769765400
Latenztest-PDF-oeffnen,Google Chrome,24h,2026-01-27,Tue,144,5706.076,9289.000,1788.681,4849.000,2261.972,5272.000,0.182,162.819,23446.000,,380876451.000,400012992.000,1768996200,1769765400
Latenztest-PDF-oeffnen,Google Chrome,24h,2026-01-28,Wed,142,7012.620,15164.000,2027.306,5300.000,2600.972,5732.000,0.182,164.382,23671.000,,381970321.000,401099665.000,1768996200,1769765400
Latenztest-PDF-oeffnen,Google Chrome,24h,2026-01-29,Thu,144,6674.042,11325.000,1804.208,5303.000,2412.556,6680.000,0.182,163.451,23537.000,,381762584.000,400868252.000,1768996200,1769765400
Latenztest-PDF-oeffnen,Google Chrome,24h,2026-01-30,Fri,58,5722.034,6703.000,1408.155,1673.000,1853.931,2112.000,0.177,165.034,9572.000,,154656978.000,162324304.000,1768996200,1769765400
Latenztest-PDF-oeffnen,Google Chrome,core,2026-01-21,Wed,31,5580.839,9406.000,1697.903,2786.000,2142.710,3196.000,0.182,162.226,5029.000,,82162972.000,86274120.000,1768996200,1769765400
Latenztest-PDF-oeffnen,Google Chrome,core,2026-01-22,Thu,60,8421.167,21433.000,2981.300,10056.000,3455.267,10460.000,0.182,162.383,9743.000,,158658226.000,166634725.000,1768996200,1769765400
Latenztest-PDF-oeffnen,Google Chrome,core,2026-01-23,Fri,60,6804.083,11166.000,1979.183,3414.000,2466.067,3832.000,0.182,162.200,9732.000,,158526344.000,166491824.000,1768996200,1769765400
Latenztest-PDF-oeffnen,Google Chrome,core,2026-01-24,Sat,60,5115.600,6095.000,1358.800,1835.000,1790.867,2268.000,0.179,161.800,9708.000,,158118841.000,166097521.000,1768996200,1769765400
Latenztest-PDF-oeffnen,Google Chrome,core,2026-01-25,Sun,60,5426.667,8581.000,1436.833,2039.000,1894.867,2496.000,0.182,163.233,9794.000,,158770527.000,166737147.000,1768996200,1769765400
Latenztest-PDF-oeffnen,Google Chrome,core,2026-01-26,Mon,58,6700.776,16928.000,2055.933,6321.000,2490.667,6752.000,0.182,161.967,9718.000,,158551405.000,166538998.000,1768996200,1769765400
Latenztest-PDF-oeffnen,Google Chrome,core,2026-01-27,Tue,60,5535.967,9306.000,1449.783,1772.000,1904.200,2316.000,0.182,162.483,9749.000,,158768606.000,166742126.000,1768996200,1769765400
Latenztest-PDF-oeffnen,Google Chrome,core,2026-01-28,Wed,58,7297.069,12789.000,2268.900,5069.000,2903.600,5460.000,0.182,163.583,9815.000,,158925199.000,166909384.000,1768996200,1769765400
Latenztest-PDF-oeffnen,Google Chrome,core,2026-01-29,Thu,60,7184.367,14335.000,1724.117,6408.000,2257.267,6944.000,0.177,162.633,9758.000,,158842356.000,166812576.000,1768996200,1769765400
Latenztest-PDF-oeffnen,Google Chrome,core,2026-01-30,Fri,16,5985.938,6945.000,1423.188,1746.000,1873.000,2292.000,0.172,164.625,2634.000,,42535488.000,44653240.000,1768996200,1769765400
Latenztest-PDF-oeffnen,Google Chrome,offhours,2026-01-21,Wed,36,5829.972,10335.000,1996.333,5879.000,2436.444,6364.000,0.180,162.333,5844.000,,95086718.000,99865406.000,1768996200,1769765400
Latenztest-PDF-oeffnen,Google Chrome,offhours,2026-01-22,Thu,68,6020.721,11602.000,2042.458,7031.000,2572.778,7560.000,0.177,163.736,11789.000,,190740691.000,200292886.000,1768996200,1769765400
Latenztest-PDF-oeffnen,Google Chrome,offhours,2026-01-23,Fri,72,5843.139,10451.000,1649.181,2659.000,2125.611,3248.000,0.182,163.097,11743.000,,190263129.000,199812405.000,1768996200,1769765400
Latenztest-PDF-oeffnen,Google Chrome,offhours,2026-01-24,Sat,61,4853.115,5928.000,1244.472,1420.000,1686.944,1864.000,0.182,163.653,11783.000,,190536004.000,200080104.000,1768996200,1769765400
Latenztest-PDF-oeffnen,Google Chrome,offhours,2026-01-25,Sun,72,5063.097,6197.000,1539.958,2722.000,2003.333,3732.000,0.182,162.611,11708.000,,189986174.000,199560758.000,1768996200,1769765400
Latenztest-PDF-oeffnen,Google Chrome,offhours,2026-01-26,Mon,72,5896.750,10190.000,1708.111,4987.000,2229.611,5600.000,0.179,163.583,11778.000,,190522438.000,200082595.000,1768996200,1769765400
Latenztest-PDF-oeffnen,Google Chrome,offhours,2026-01-27,Tue,72,5944.444,9289.000,2138.347,5404.000,2634.167,6024.000,0.182,162.958,11733.000,,190237523.000,199810580.000,1768996200,1769765400
Latenztest-PDF-oeffnen,Google Chrome,offhours,2026-01-28,Wed,72,6710.264,15713.000,1827.667,1751.000,2374.167,4544.000,0.179,164.694,11858.000,,191087179.000,200640028.000,1768996200,1769765400
Latenztest-PDF-oeffnen,Google Chrome,offhours,2026-01-29,Thu,72,6295.333,10523.000,1803.097,2564.000,2500.722,6680.000,0.182,164.347,11833.000,,191344122.000,200880006.000,1768996200,1769765400
Latenztest-PDF-oeffnen,Google Chrome,offhours,2026-01-30,Fri,36,5590.667,6144.000,1414.111,1667.000,1863.111,2092.000,0.177,165.639,5963.000,,96247720.000,100999912.000,1768996200,1769765400
Latenztest-SRUV-HP,Google Chrome,24h,2026-01-23,Fri,82,680.768,767.000,31.598,39.000,265.415,304.000,0.014,83.561,6852.000,,209360028.000,207364428.000,1769163600,1769765400
Latenztest-SRUV-HP,Google Chrome,24h,2026-01-24,Sat,133,689.421,827.000,31.236,35.000,269.917,320.000,0.014,83.056,11960.000,,367644902.000,364143002.000,1769163600,1769765400
Latenztest-SRUV-HP,Google Chrome,24h,2026-01-25,Sun,144,758.125,882.000,31.750,39.000,273.861,312.000,0.014,83.292,11994.000,,367658488.000,364153588.000,1769163600,1769765400
Latenztest-SRUV-HP,Google Chrome,24h,2026-01-26,Mon,142,781.845,884.000,31.479,40.000,265.250,312.000,0.014,83.382,12007.000,,367650979.000,364146979.000,1769163600,1769765400
Latenztest-SRUV-HP,Google Chrome,24h,2026-01-27,Tue,144,868.674,923.000,33.625,48.000,273.667,320.000,0.014,82.896,11937.000,,367463644.000,363972844.000,1769163600,1769765400
Latenztest-SRUV-HP,Google Chrome,24h,2026-01-28,Wed,142,931.338,1051.000,31.576,39.000,271.417,324.000,0.014,83.576,12035.000,,367666216.000,364159516.000,1769163600,1769765400
Latenztest-SRUV-HP,Google Chrome,24h,2026-01-29,Thu,144,998.924,1067.000,32.514,40.000,274.250,336.000,0.014,83.444,12016.000,,367658488.000,364153588.000,1769163600,1769765400
Latenztest-SRUV-HP,Google Chrome,24h,2026-01-30,Fri,58,992.776,1082.000,30.121,37.000,263.034,308.000,0.014,82.879,4807.000,,148042992.000,146638092.000,1769163600,1769765400
Latenztest-SRUV-HP,Google Chrome,core,2026-01-23,Fri,40,659.425,719.000,33.300,39.000,258.800,280.000,0.014,83.325,3333.000,,102128288.000,101154488.000,1769163600,1769765400
Latenztest-SRUV-HP,Google Chrome,core,2026-01-24,Sat,60,707.500,819.000,30.333,34.000,267.400,300.000,0.014,83.300,4998.000,,153187280.000,151727780.000,1769163600,1769765400
Latenztest-SRUV-HP,Google Chrome,core,2026-01-25,Sun,60,749.917,942.000,31.733,40.000,266.533,292.000,0.014,83.333,5000.000,,153191144.000,151730744.000,1769163600,1769765400
Latenztest-SRUV-HP,Google Chrome,core,2026-01-26,Mon,58,717.500,863.000,32.417,62.000,251.467,316.000,0.014,83.333,5000.000,,153189856.000,151729756.000,1769163600,1769765400
Latenztest-SRUV-HP,Google Chrome,core,2026-01-27,Tue,60,859.033,923.000,34.683,48.000,270.733,336.000,0.014,83.267,4996.000,,153193720.000,151732720.000,1769163600,1769765400
Latenztest-SRUV-HP,Google Chrome,core,2026-01-28,Wed,58,907.828,998.000,31.283,39.000,257.733,300.000,0.014,83.717,5023.000,,153197584.000,151735684.000,1769163600,1769765400
Latenztest-SRUV-HP,Google Chrome,core,2026-01-29,Thu,60,959.067,1029.000,32.567,40.000,260.267,292.000,0.014,83.667,5020.000,,153197584.000,151735684.000,1769163600,1769765400
Latenztest-SRUV-HP,Google Chrome,core,2026-01-30,Fri,16,996.375,1067.000,28.000,32.000,256.000,308.000,0.014,81.750,1308.000,,40808676.000,40426176.000,1769163600,1769765400
Latenztest-SRUV-HP,Google Chrome,offhours,2026-01-23,Fri,36,705.000,799.000,30.167,35.000,273.333,308.000,0.014,83.833,3018.000,,91913656.000,91037656.000,1769163600,1769765400
Latenztest-SRUV-HP,Google Chrome,offhours,2026-01-24,Sat,61,669.098,832.000,30.472,35.000,268.444,296.000,0.014,82.750,5958.000,,183819584.000,182069384.000,1769163600,1769765400
Latenztest-SRUV-HP,Google Chrome,offhours,2026-01-25,Sun,72,767.056,882.000,31.389,37.000,278.389,312.000,0.014,83.306,5998.000,,183829888.000,182077288.000,1769163600,1769765400
Latenztest-SRUV-HP,Google Chrome,offhours,2026-01-26,Mon,72,829.986,910.000,30.639,35.000,277.167,312.000,0.014,83.361,6002.000,,183823667.000,182071667.000,1769163600,1769765400
Latenztest-SRUV-HP,Google Chrome,offhours,2026-01-27,Tue,72,879.736,941.000,32.222,38.000,276.556,312.000,0.014,82.542,5943.000,,183631180.000,181893580.000,1769163600,1769765400
Latenztest-SRUV-HP,Google Chrome,offhours,2026-01-28,Wed,72,953.833,1067.000,31.792,39.000,284.833,368.000,0.014,83.556,6016.000,,183832464.000,182079264.000,1769163600,1769765400
Latenztest-SRUV-HP,Google Chrome,offhours,2026-01-29,Thu,72,1039.847,1123.000,32.167,39.000,287.278,348.000,0.014,83.194,5990.000,,183824736.000,182073336.000,1769163600,1769765400
Latenztest-SRUV-HP,Google Chrome,offhours,2026-01-30,Fri,36,988.167,1056.000,30.389,35.000,264.667,296.000,0.014,83.361,3001.000,,91916232.000,91039632.000,1769163600,1769765400
Latenzzeit-Schli-Dashboard,Google Chrome,24h,2026-01-21,Wed,73,8549.493,13432.000,2496.795,6612.000,2985.315,7288.000,0.368,142.712,10418.000,,279683809.000,289565114.000,1768996200,1769765400
Latenzzeit-Schli-Dashboard,Google Chrome,24h,2026-01-22,Thu,140,8914.350,13675.000,2621.646,6646.000,3264.056,7424.000,0.412,143.236,20626.000,,551732317.000,571211557.000,1768996200,1769765400
Latenzzeit-Schli-Dashboard,Google Chrome,24h,2026-01-23,Fri,144,8839.667,11048.000,2673.951,7974.000,3284.528,8380.000,0.255,143.111,20608.000,,551731843.000,571215883.000,1768996200,1769765400
Latenzzeit-Schli-Dashboard,Google Chrome,24h,2026-01-24,Sat,133,8061.165,8868.000,2084.597,2676.000,2887.583,3268.000,0.335,143.521,20667.000,,551704313.000,571175453.000,1768996200,1769765400
Latenzzeit-Schli-Dashboard,Google Chrome,24h,2026-01-25,Sun,144,9045.660,12396.000,2438.326,5623.000,3115.389,6080.000,0.368,144.604,20823.000,,553144691.000,572216279.000,1768996200,1769765400
Latenzzeit-Schli-Dashboard,Google Chrome,24h,2026-01-26,Mon,142,9374.852,16600.000,3050.292,7889.000,3542.528,8516.000,0.362,143.500,20664.000,,552782119.000,572240359.000,1768996200,1769765400
Latenzzeit-Schli-Dashboard,Google Chrome,24h,2026-01-27,Tue,144,8909.444,10394.000,2534.840,3479.000,3138.194,4020.000,0.408,144.285,20777.000,,552824117.000,572256257.000,1768996200,1769765400
Latenzzeit-Schli-Dashboard,Google Chrome,24h,2026-01-28,Wed,142,9389.458,13235.000,2351.931,3312.000,3291.778,6896.000,0.362,144.278,20776.000,,552820638.000,572260278.000,1768996200,1769765400
Latenzzeit-Schli-Dashboard,Google Chrome,24h,2026-01-29,Thu,144,9391.382,10431.000,2630.208,3657.000,3417.639,5192.000,0.298,144.153,20758.000,,552815121.000,572255361.000,1768996200,1769765400
Latenzzeit-Schli-Dashboard,Google Chrome,24h,2026-01-30,Fri,58,8884.810,13534.000,2714.103,6775.000,3174.345,7296.000,0.401,143.983,8351.000,,222663217.000,230497247.000,1768996200,1769765400
Latenzzeit-Schli-Dashboard,Google Chrome,core,2026-01-21,Wed,31,8265.065,9047.000,2275.871,2514.000,2738.452,2892.000,0.368,142.419,4415.000,,118765040.000,122961675.000,1768996200,1769765400
Latenzzeit-Schli-Dashboard,Google Chrome,core,2026-01-22,Thu,60,9432.600,14090.000,2941.767,7743.000,3574.400,8340.000,0.361,142.867,8572.000,,229876930.000,237996430.000,1768996200,1769765400
Latenzzeit-Schli-Dashboard,Google Chrome,core,2026-01-23,Fri,60,9301.700,17492.000,2960.217,9601.000,3500.600,10348.000,0.255,142.533,8552.000,,229873492.000,237997792.000,1768996200,1769765400
Latenzzeit-Schli-Dashboard,Google Chrome,core,2026-01-24,Sat,60,8272.483,8859.000,2100.033,2522.000,2786.600,3176.000,0.255,143.383,8603.000,,229896150.000,238013550.000,1768996200,1769765400
Latenzzeit-Schli-Dashboard,Google Chrome,core,2026-01-25,Sun,60,9003.450,13213.000,2492.400,5852.000,3251.467,6536.000,0.308,144.517,8671.000,,230350123.000,238447723.000,1768996200,1769765400
Latenzzeit-Schli-Dashboard,Google Chrome,core,2026-01-26,Mon,58,9496.224,17064.000,3263.883,10829.000,3727.400,11268.000,0.265,142.700,8562.000,,230304637.000,238421137.000,1768996200,1769765400
Latenzzeit-Schli-Dashboard,Google Chrome,core,2026-01-27,Tue,60,8986.567,13160.000,2849.050,7955.000,3342.800,8344.000,0.252,143.783,8627.000,,230326558.000,238431958.000,1768996200,1769765400
Latenzzeit-Schli-Dashboard,Google Chrome,core,2026-01-28,Wed,58,9204.241,13235.000,2591.450,8097.000,3254.867,8608.000,0.298,143.283,8597.000,,230323930.000,238431730.000,1768996200,1769765400
Latenzzeit-Schli-Dashboard,Google Chrome,core,2026-01-29,Thu,60,9533.717,11686.000,2527.450,3657.000,3315.200,5192.000,0.298,143.217,8593.000,,230317474.000,238427074.000,1768996200,1769765400
Latenzzeit-Schli-Dashboard,Google Chrome,core,2026-01-30,Fri,16,10157.438,13591.000,4197.750,11912.000,4681.500,12408.000,0.401,143.625,2298.000,,61422530.000,63584490.000,1768996200,1769765400
Latenzzeit-Schli-Dashboard,Google Chrome,offhours,2026-01-21,Wed,36,8720.306,13432.000,2805.306,6830.000,3326.667,7376.000,0.255,143.139,5153.000,,137932867.000,142804627.000,1768996200,1769765400
Latenzzeit-Schli-Dashboard,Google Chrome,offhours,2026-01-22,Thu,68,8380.015,12418.000,2443.208,6155.000,3101.000,6592.000,0.368,143.653,10343.000,,275879146.000,285614566.000,1768996200,1769765400
Latenzzeit-Schli-Dashboard,Google Chrome,offhours,2026-01-23,Fri,72,8214.000,8989.000,1998.875,2468.000,2669.667,3360.000,0.255,143.611,10340.000,,275878677.000,285616197.000,1768996200,1769765400
Latenzzeit-Schli-Dashboard,Google Chrome,offhours,2026-01-24,Sat,61,7817.328,9322.000,2063.236,2828.000,2974.667,3504.000,0.335,143.681,10345.000,,275829405.000,285559425.000,1768996200,1769765400
Latenzzeit-Schli-Dashboard,Google Chrome,offhours,2026-01-25,Sun,72,9241.861,12220.000,2501.222,3654.000,3125.833,4360.000,0.307,144.681,10417.000,,276722195.000,286079063.000,1768996200,1769765400
Latenzzeit-Schli-Dashboard,Google Chrome,offhours,2026-01-26,Mon,72,9396.597,13106.000,2668.903,6190.000,3191.889,6708.000,0.362,144.125,10377.000,,276412957.000,286133377.000,1768996200,1769765400
Latenzzeit-Schli-Dashboard,Google Chrome,offhours,2026-01-27,Tue,72,9012.792,9974.000,2392.833,2875.000,3081.944,3296.000,0.408,144.792,10425.000,,276430350.000,286136970.000,1768996200,1769765400
Latenzzeit-Schli-Dashboard,Google Chrome,offhours,2026-01-28,Wed,72,9535.000,11395.000,2134.875,2683.000,3324.500,5472.000,0.361,145.097,10447.000,,276428232.000,286140252.000,1768996200,1769765400
Latenzzeit-Schli-Dashboard,Google Chrome,offhours,2026-01-29,Thu,72,8903.944,10408.000,2328.375,2956.000,3096.167,3708.000,0.255,145.014,10441.000,,276428653.000,286139473.000,1768996200,1769765400
Latenzzeit-Schli-Dashboard,Google Chrome,offhours,2026-01-30,Fri,36,8232.306,9180.000,1966.444,2437.000,2413.889,2936.000,0.255,143.944,5182.000,,138205100.000,143067560.000,1768996200,1769765400
Sachverhalt (Verfahrensakte) Ansicht,Google Chrome,24h,2026-01-21,Wed,73,13746.740,19263.000,2746.425,6852.000,3238.575,7272.000,0.647,139.260,10166.000,,192735375.000,189700575.000,1768996200,1769765400
Sachverhalt (Verfahrensakte) Ansicht,Google Chrome,24h,2026-01-22,Thu,140,14621.521,26654.000,2446.375,3088.000,3127.000,7084.000,0.690,139.243,20051.000,,380186865.000,374202165.000,1768996200,1769765400
Sachverhalt (Verfahrensakte) Ansicht,Google Chrome,24h,2026-01-23,Fri,144,14475.167,19575.000,2447.507,5807.000,2927.278,6208.000,0.652,139.431,20078.000,,380212343.000,374223143.000,1768996200,1769765400
Sachverhalt (Verfahrensakte) Ansicht,Google Chrome,24h,2026-01-24,Sat,133,14466.105,17528.000,2052.653,2614.000,2602.000,3284.000,0.646,139.611,20104.000,,379882899.000,373881699.000,1768996200,1769765400
Sachverhalt (Verfahrensakte) Ansicht,Google Chrome,24h,2026-01-25,Sun,144,15336.410,22599.000,2344.576,5520.000,2847.556,6048.000,0.653,140.667,20256.000,,381312965.000,375275765.000,1768996200,1769765400
Sachverhalt (Verfahrensakte) Ansicht,Google Chrome,24h,2026-01-26,Mon,142,14539.514,22549.000,2377.757,6304.000,2867.750,6716.000,0.647,140.076,20171.000,,381299079.000,375271179.000,1768996200,1769765400
Sachverhalt (Verfahrensakte) Ansicht,Google Chrome,24h,2026-01-27,Tue,144,14450.361,18534.000,2308.076,3257.000,2848.889,5256.000,0.653,140.465,20227.000,,381305819.000,375274319.000,1768996200,1769765400
Sachverhalt (Verfahrensakte) Ansicht,Google Chrome,24h,2026-01-28,Wed,142,15500.331,20996.000,2367.076,4830.000,2860.000,5220.000,0.653,140.194,20188.000,,381283225.000,375254425.000,1768996200,1769765400
Sachverhalt (Verfahrensakte) Ansicht,Google Chrome,24h,2026-01-29,Thu,144,16799.701,22480.000,2143.401,2849.000,2661.944,3616.000,0.653,140.211,19910.000,,375982097.000,370037297.000,1768996200,1769765400
Sachverhalt (Verfahrensakte) Ansicht,Google Chrome,24h,2026-01-30,Fri,58,17110.948,25275.000,2665.862,9374.000,3139.172,9808.000,0.642,140.569,8153.000,,153576130.000,151145830.000,1768996200,1769765400
Sachverhalt (Verfahrensakte) Ansicht,Google Chrome,core,2026-01-21,Wed,31,13655.194,17607.000,2596.613,3082.000,3107.742,3832.000,0.642,138.774,4302.000,,81845101.000,80557501.000,1768996200,1769765400
Sachverhalt (Verfahrensakte) Ansicht,Google Chrome,core,2026-01-22,Thu,60,14510.550,21538.000,2753.917,3985.000,3256.933,4552.000,0.690,138.583,8315.000,,158383242.000,155897142.000,1768996200,1769765400
Sachverhalt (Verfahrensakte) Ansicht,Google Chrome,core,2026-01-23,Fri,60,14674.233,19575.000,2643.950,4963.000,3103.533,5600.000,0.646,138.717,8323.000,,158409425.000,155917925.000,1768996200,1769765400
Sachverhalt (Verfahrensakte) Ansicht,Google Chrome,core,2026-01-24,Sat,60,14595.733,17379.000,2027.433,2837.000,2637.200,3900.000,0.646,139.700,8382.000,,158428131.000,155929731.000,1768996200,1769765400
Sachverhalt (Verfahrensakte) Ansicht,Google Chrome,core,2026-01-25,Sun,60,15165.133,22599.000,2330.617,5412.000,2849.133,6048.000,0.653,140.700,8442.000,,158885742.000,156369342.000,1768996200,1769765400
Sachverhalt (Verfahrensakte) Ansicht,Google Chrome,core,2026-01-26,Mon,58,13798.121,22549.000,2601.983,6998.000,3068.933,7416.000,0.647,139.417,8365.000,,158855547.000,156350247.000,1768996200,1769765400
Sachverhalt (Verfahrensakte) Ansicht,Google Chrome,core,2026-01-27,Tue,60,13840.933,18012.000,2326.083,6562.000,2845.333,7228.000,0.642,139.983,8399.000,,158849504.000,156343004.000,1768996200,1769765400
Sachverhalt (Verfahrensakte) Ansicht,Google Chrome,core,2026-01-28,Wed,58,16404.776,23626.000,2682.750,6837.000,3189.333,7496.000,0.645,139.483,8369.000,,158836155.000,156331455.000,1768996200,1769765400
Sachverhalt (Verfahrensakte) Ansicht,Google Chrome,core,2026-01-29,Thu,60,17524.067,24300.000,2172.200,3143.000,2627.200,3616.000,0.642,139.533,8372.000,,158831201.000,156327401.000,1768996200,1769765400
Sachverhalt (Verfahrensakte) Ansicht,Google Chrome,core,2026-01-30,Fri,16,17564.438,25275.000,2209.875,3118.000,2663.000,3564.000,0.641,139.688,2235.000,,42355026.000,41686926.000,1768996200,1769765400
Sachverhalt (Verfahrensakte) Ansicht,Google Chrome,offhours,2026-01-21,Wed,36,12695.083,16770.000,2351.833,2863.000,2833.778,3300.000,0.642,139.889,5036.000,,95056477.000,93557077.000,1768996200,1769765400
Sachverhalt (Verfahrensakte) Ansicht,Google Chrome,offhours,2026-01-22,Thu,68,14482.353,26654.000,2127.014,2666.000,2994.778,4900.000,0.646,139.708,10059.000,,190116811.000,187117711.000,1768996200,1769765400
Sachverhalt (Verfahrensakte) Ansicht,Google Chrome,offhours,2026-01-23,Fri,72,14020.764,18984.000,2195.764,2871.000,2692.444,3304.000,0.652,139.972,10078.000,,190122238.000,187122838.000,1768996200,1769765400
Sachverhalt (Verfahrensakte) Ansicht,Google Chrome,offhours,2026-01-24,Sat,61,14553.852,20822.000,2097.375,2596.000,2608.000,3164.000,0.642,139.583,10050.000,,189765382.000,186762982.000,1768996200,1769765400
Sachverhalt (Verfahrensakte) Ansicht,Google Chrome,offhours,2026-01-25,Sun,72,15590.181,23197.000,2426.125,5619.000,2924.278,6084.000,0.642,140.611,10124.000,,190649365.000,187631965.000,1768996200,1769765400
Sachverhalt (Verfahrensakte) Ansicht,Google Chrome,offhours,2026-01-26,Mon,72,15272.306,21193.000,2120.514,2589.000,2619.556,3164.000,0.646,140.514,10117.000,,190664944.000,187645444.000,1768996200,1769765400
Sachverhalt (Verfahrensakte) Ansicht,Google Chrome,offhours,2026-01-27,Tue,72,14874.431,19086.000,2349.333,2848.000,2912.833,5256.000,0.653,140.722,10132.000,,190676776.000,187655176.000,1768996200,1769765400
Sachverhalt (Verfahrensakte) Ansicht,Google Chrome,offhours,2026-01-28,Wed,72,14632.458,19432.000,2109.681,2582.000,2601.222,3148.000,0.653,140.653,10127.000,,190667781.000,187647081.000,1768996200,1769765400
Sachverhalt (Verfahrensakte) Ansicht,Google Chrome,offhours,2026-01-29,Thu,72,15890.847,19491.000,2172.043,2808.000,2657.886,3232.000,0.653,140.686,9848.000,,185372254.000,182434654.000,1768996200,1769765400
Sachverhalt (Verfahrensakte) Ansicht,Google Chrome,offhours,2026-01-30,Fri,36,16738.361,25834.000,2698.806,9374.000,3167.000,9808.000,0.642,141.111,5080.000,,95338081.000,93826681.000,1768996200,1769765400
Telefonie Ansicht,Google Chrome,24h,2026-01-21,Wed,73,11591.151,15867.000,2338.507,2752.000,2798.247,3456.000,0.651,138.521,10112.000,,189242213.000,186227813.000,1768996200,1769765400
Telefonie Ansicht,Google Chrome,24h,2026-01-22,Thu,140,11311.850,21935.000,2929.986,6495.000,3632.417,11440.000,0.649,138.528,19948.000,,373344409.000,367388809.000,1768996200,1769765400
Telefonie Ansicht,Google Chrome,24h,2026-01-23,Fri,144,13522.333,20149.000,2485.528,4947.000,2983.167,5380.000,0.644,138.674,19969.000,,373360496.000,367403996.000,1768996200,1769765400
Telefonie Ansicht,Google Chrome,24h,2026-01-24,Sat,133,13669.910,18328.000,2235.451,3216.000,2674.139,3640.000,0.650,139.111,20032.000,,373490738.000,367509938.000,1768996200,1769765400
Telefonie Ansicht,Google Chrome,24h,2026-01-25,Sun,144,14459.271,21608.000,2587.007,6246.000,3034.278,6692.000,0.646,140.174,20185.000,,374543864.000,368524964.000,1768996200,1769765400
Telefonie Ansicht,Google Chrome,24h,2026-01-26,Mon,142,13102.556,19026.000,2381.222,3888.000,2842.333,5556.000,0.646,139.542,20094.000,,374470824.000,368470824.000,1768996200,1769765400
Telefonie Ansicht,Google Chrome,24h,2026-01-27,Tue,144,10986.632,16095.000,2008.910,2478.000,2469.111,3008.000,0.653,139.764,20126.000,,374460278.000,368458478.000,1768996200,1769765400
Telefonie Ansicht,Google Chrome,24h,2026-01-28,Wed,142,13051.641,19977.000,2497.528,7030.000,2974.111,7444.000,0.642,139.653,20110.000,,374421366.000,368424966.000,1768996200,1769765400
Telefonie Ansicht,Google Chrome,24h,2026-01-29,Thu,144,15136.188,20966.000,2107.688,2750.000,2574.806,3220.000,0.650,139.292,20058.000,,374346903.000,368362503.000,1768996200,1769765400
Telefonie Ansicht,Google Chrome,24h,2026-01-30,Fri,58,15988.948,22172.000,2537.552,6230.000,3085.931,6724.000,0.642,139.741,8105.000,,150817380.000,148400280.000,1768996200,1769765400
Telefonie Ansicht,Google Chrome,core,2026-01-21,Wed,31,11494.806,15746.000,2472.452,6713.000,2922.323,7212.000,0.651,137.871,4274.000,,80363786.000,79084586.000,1768996200,1769765400
Telefonie Ansicht,Google Chrome,core,2026-01-22,Thu,60,10772.950,20627.000,3234.867,13587.000,4099.800,14340.000,0.642,137.867,8272.000,,155516646.000,153045246.000,1768996200,1769765400
Telefonie Ansicht,Google Chrome,core,2026-01-23,Fri,60,14165.000,23748.000,2712.317,4947.000,3206.733,5380.000,0.642,137.633,8258.000,,155495558.000,153028358.000,1768996200,1769765400
Telefonie Ansicht,Google Chrome,core,2026-01-24,Sat,60,14079.833,18328.000,2482.667,6011.000,2923.867,6436.000,0.642,138.900,8334.000,,155574251.000,153089051.000,1768996200,1769765400
Telefonie Ansicht,Google Chrome,core,2026-01-25,Sun,60,14403.150,21608.000,2526.233,6246.000,2976.200,6692.000,0.645,139.867,8392.000,,156035383.000,153531583.000,1768996200,1769765400
Telefonie Ansicht,Google Chrome,core,2026-01-26,Mon,58,12131.603,19353.000,2712.483,6562.000,3204.667,6952.000,0.642,138.467,8308.000,,155979024.000,153490224.000,1768996200,1769765400
Telefonie Ansicht,Google Chrome,core,2026-01-27,Tue,60,10633.633,14491.000,2023.900,2478.000,2502.600,2952.000,0.653,139.167,8350.000,,155997002.000,153502802.000,1768996200,1769765400
Telefonie Ansicht,Google Chrome,core,2026-01-28,Wed,58,13942.397,20245.000,2442.750,7030.000,2959.800,7444.000,0.641,138.817,8329.000,,155957912.000,153470612.000,1768996200,1769765400
Telefonie Ansicht,Google Chrome,core,2026-01-29,Thu,60,14607.967,20985.000,2031.767,2569.000,2510.667,3044.000,0.642,138.800,8328.000,,155945013.000,153459213.000,1768996200,1769765400
Telefonie Ansicht,Google Chrome,core,2026-01-30,Fri,16,18515.000,24412.000,2950.563,8051.000,3638.500,8608.000,0.641,138.938,2223.000,,41585709.000,40923009.000,1768996200,1769765400
Telefonie Ansicht,Google Chrome,offhours,2026-01-21,Wed,36,11541.028,15867.000,2267.500,2501.000,2742.667,3020.000,0.649,139.056,5006.000,,93323676.000,91836276.000,1768996200,1769765400
Telefonie Ansicht,Google Chrome,offhours,2026-01-22,Thu,68,11748.618,22445.000,2639.444,3018.000,3243.167,4540.000,0.649,139.014,10009.000,,186712640.000,183725540.000,1768996200,1769765400
Telefonie Ansicht,Google Chrome,offhours,2026-01-23,Fri,72,12926.389,16674.000,2194.278,2950.000,2706.500,4616.000,0.642,139.500,10044.000,,186744048.000,183752448.000,1768996200,1769765400
Telefonie Ansicht,Google Chrome,offhours,2026-01-24,Sat,61,13229.459,22565.000,2082.653,2523.000,2524.389,3028.000,0.650,139.472,10042.000,,186803759.000,183804959.000,1768996200,1769765400
Telefonie Ansicht,Google Chrome,offhours,2026-01-25,Sun,72,14215.431,20882.000,2751.931,9708.000,3186.111,10140.000,0.646,140.319,10103.000,,187282560.000,184271460.000,1768996200,1769765400
Telefonie Ansicht,Google Chrome,offhours,2026-01-26,Mon,72,14087.056,18086.000,2165.875,2560.000,2598.278,2984.000,0.643,140.472,10114.000,,187283696.000,184272896.000,1768996200,1769765400
Telefonie Ansicht,Google Chrome,offhours,2026-01-27,Tue,72,11218.417,16095.000,2011.569,2572.000,2457.556,3072.000,0.645,140.250,10098.000,,187264281.000,184255881.000,1768996200,1769765400
Telefonie Ansicht,Google Chrome,offhours,2026-01-28,Wed,72,12088.333,17733.000,2343.278,3267.000,2794.778,3708.000,0.642,140.208,10095.000,,187251031.000,184243531.000,1768996200,1769765400
Telefonie Ansicht,Google Chrome,offhours,2026-01-29,Thu,72,15302.681,20966.000,2172.319,2750.000,2637.278,3220.000,0.650,139.722,10060.000,,187207462.000,184207462.000,1768996200,1769765400
Telefonie Ansicht,Google Chrome,offhours,2026-01-30,Fri,36,15108.306,20611.000,2283.111,3529.000,2787.444,4748.000,0.642,140.278,5050.000,,93633419.000,92128619.000,1768996200,1769765400
Alle Spalten Ansicht,Microsoft Edge,24h,2026-01-21,Wed,73,17809.699,25212.000,2374.219,3381.000,3213.863,4880.000,0.641,139.452,10180.000,,196513940.000,193476740.000,1768996200,1769765400
Alle Spalten Ansicht,Microsoft Edge,24h,2026-01-22,Thu,140,18047.693,24851.000,2868.326,7986.000,3803.278,8804.000,0.641,139.472,20084.000,,387658960.000,381664960.000,1768996200,1769765400
Alle Spalten Ansicht,Microsoft Edge,24h,2026-01-23,Fri,144,18436.007,25913.000,2456.111,4135.000,3238.528,4764.000,0.642,139.542,20094.000,,387662072.000,381667472.000,1768996200,1769765400
Alle Spalten Ansicht,Microsoft Edge,24h,2026-01-24,Sat,133,19815.594,25270.000,2182.264,2994.000,2951.194,3732.000,0.641,140.264,20198.000,,387643451.000,381633851.000,1768996200,1769765400
Alle Spalten Ansicht,Microsoft Edge,24h,2026-01-25,Sun,144,19823.535,24212.000,2281.021,2803.000,3116.111,4248.000,0.642,141.069,20314.000,,388791503.000,382743503.000,1768996200,1769765400
Alle Spalten Ansicht,Microsoft Edge,24h,2026-01-26,Mon,142,18249.444,26285.000,2409.465,3616.000,3270.417,4680.000,0.641,140.201,20189.000,,388746068.000,382712168.000,1768996200,1769765400
Alle Spalten Ansicht,Microsoft Edge,24h,2026-01-27,Tue,144,18019.382,22278.000,2302.000,3133.000,3061.500,3808.000,0.641,140.646,20253.000,,388763679.000,382724979.000,1768996200,1769765400
Alle Spalten Ansicht,Microsoft Edge,24h,2026-01-28,Wed,142,19488.415,24884.000,2342.694,3241.000,3203.333,4004.000,0.641,140.403,20218.000,,388761771.000,382722771.000,1768996200,1769765400
Alle Spalten Ansicht,Microsoft Edge,24h,2026-01-29,Thu,144,21435.903,28389.000,2341.660,3054.000,3195.972,5200.000,0.642,140.743,20267.000,,388778814.000,382740114.000,1768996200,1769765400
Alle Spalten Ansicht,Microsoft Edge,24h,2026-01-30,Fri,58,21145.293,25797.000,2148.552,2805.000,2992.069,3428.000,0.641,140.793,8166.000,,156595357.000,154161757.000,1768996200,1769765400
Alle Spalten Ansicht,Microsoft Edge,core,2026-01-21,Wed,31,17611.806,22499.000,2513.065,3381.000,3235.355,3996.000,0.641,138.871,4305.000,,83441792.000,82155092.000,1768996200,1769765400
Alle Spalten Ansicht,Microsoft Edge,core,2026-01-22,Thu,60,17037.617,24851.000,2695.350,6859.000,3585.000,7808.000,0.641,139.067,8344.000,,161512099.000,159019099.000,1768996200,1769765400
Alle Spalten Ansicht,Microsoft Edge,core,2026-01-23,Fri,60,18766.817,26548.000,2793.967,5083.000,3556.667,5820.000,0.641,139.050,8343.000,,161512038.000,159018738.000,1768996200,1769765400
Alle Spalten Ansicht,Microsoft Edge,core,2026-01-24,Sat,60,19956.033,26634.000,2252.817,3288.000,3035.667,4072.000,0.641,139.900,8394.000,,161538369.000,159036369.000,1768996200,1769765400
Alle Spalten Ansicht,Microsoft Edge,core,2026-01-25,Sun,60,19500.533,21811.000,2390.167,3141.000,3172.533,4248.000,0.641,141.300,8478.000,,161997681.000,159477681.000,1768996200,1769765400
Alle Spalten Ansicht,Microsoft Edge,core,2026-01-26,Mon,58,17492.138,26285.000,2599.833,3616.000,3425.867,4680.000,0.641,139.567,8374.000,,161957010.000,159449610.000,1768996200,1769765400
Alle Spalten Ansicht,Microsoft Edge,core,2026-01-27,Tue,60,18088.000,21197.000,2482.383,3152.000,3262.400,4000.000,0.641,140.150,8409.000,,161973469.000,159460969.000,1768996200,1769765400
Alle Spalten Ansicht,Microsoft Edge,core,2026-01-28,Wed,58,19643.828,27034.000,2579.767,6415.000,3495.600,7288.000,0.641,140.050,8403.000,,161970678.000,159458778.000,1768996200,1769765400
Alle Spalten Ansicht,Microsoft Edge,core,2026-01-29,Thu,60,20739.800,25566.000,2450.383,3276.000,3299.467,5316.000,0.641,140.017,8401.000,,161976660.000,159464760.000,1768996200,1769765400
Alle Spalten Ansicht,Microsoft Edge,core,2026-01-30,Fri,16,22589.375,27629.000,2083.000,2829.000,3080.000,3428.000,0.641,140.125,2242.000,,43193413.000,42523813.000,1768996200,1769765400
Alle Spalten Ansicht,Microsoft Edge,offhours,2026-01-21,Wed,36,17385.250,20016.000,2315.194,2790.000,3259.222,4880.000,0.641,139.750,5031.000,,96918211.000,95417911.000,1768996200,1769765400
Alle Spalten Ansicht,Microsoft Edge,offhours,2026-01-22,Thu,68,18494.250,23500.000,2925.278,7986.000,3916.833,8804.000,0.641,139.764,10063.000,,193841759.000,190840259.000,1768996200,1769765400
Alle Spalten Ansicht,Microsoft Edge,offhours,2026-01-23,Fri,72,18065.194,22388.000,2227.292,3277.000,3019.944,3864.000,0.641,140.000,10080.000,,193845093.000,190843293.000,1768996200,1769765400
Alle Spalten Ansicht,Microsoft Edge,offhours,2026-01-24,Sat,61,19567.787,25270.000,2132.306,2622.000,2863.389,3372.000,0.641,140.583,10122.000,,193797101.000,190789901.000,1768996200,1769765400
Alle Spalten Ansicht,Microsoft Edge,offhours,2026-01-25,Sun,72,20008.528,26999.000,2228.833,2681.000,3105.000,4436.000,0.642,140.833,10140.000,,194394176.000,191370176.000,1768996200,1769765400
Alle Spalten Ansicht,Microsoft Edge,offhours,2026-01-26,Mon,72,18728.431,28281.000,2162.625,2513.000,3075.500,6296.000,0.641,140.653,10127.000,,194391767.000,191368667.000,1768996200,1769765400
Alle Spalten Ansicht,Microsoft Edge,offhours,2026-01-27,Tue,72,17965.931,22412.000,2154.458,2736.000,2899.611,3456.000,0.641,140.972,10150.000,,194392776.000,191369976.000,1768996200,1769765400
Alle Spalten Ansicht,Microsoft Edge,offhours,2026-01-28,Wed,72,19153.347,22820.000,2161.569,2943.000,2997.167,3976.000,0.641,140.681,10129.000,,194394207.000,191370507.000,1768996200,1769765400
Alle Spalten Ansicht,Microsoft Edge,offhours,2026-01-29,Thu,72,21883.444,28389.000,2172.583,2629.000,3060.056,4688.000,0.642,141.389,10180.000,,194403782.000,191380382.000,1768996200,1769765400
Alle Spalten Ansicht,Microsoft Edge,offhours,2026-01-30,Fri,36,21462.583,25190.000,2157.361,2579.000,2946.000,3348.000,0.641,141.056,5078.000,,97201635.000,95689635.000,1768996200,1769765400
Falladmin Dashboard,Microsoft Edge,24h,2026-01-21,Wed,73,8861.164,11358.000,2412.918,5250.000,4966.849,7756.000,0.411,136.329,9952.000,,279558755.000,283120836.000,1768996200,1769765400
Falladmin Dashboard,Microsoft Edge,24h,2026-01-22,Thu,140,8720.936,11885.000,2269.910,3048.000,4781.917,5484.000,0.463,136.333,19632.000,2.000,551460190.000,558485758.000,1768996200,1769765400
Falladmin Dashboard,Microsoft Edge,24h,2026-01-23,Fri,144,8638.681,10599.000,2315.118,4120.000,4786.306,6888.000,0.410,136.701,19685.000,,551449844.000,558472712.000,1768996200,1769765400
Falladmin Dashboard,Microsoft Edge,24h,2026-01-24,Sat,133,8569.880,11239.000,1909.049,2389.000,4185.806,5024.000,0.479,136.875,19710.000,,551410816.000,558422584.000,1768996200,1769765400
Falladmin Dashboard,Microsoft Edge,24h,2026-01-25,Sun,144,8425.354,10612.000,1979.257,2447.000,4405.611,5028.000,0.415,137.833,19848.000,,552553079.000,559525847.000,1768996200,1769765400
Falladmin Dashboard,Microsoft Edge,24h,2026-01-26,Mon,142,8690.901,11866.000,2361.910,2926.000,4949.333,8272.000,0.474,137.438,19791.000,,552513980.000,559495448.000,1768996200,1769765400
Falladmin Dashboard,Microsoft Edge,24h,2026-01-27,Tue,144,8946.792,10614.000,2270.236,3653.000,4616.361,5756.000,0.463,137.632,19819.000,,552494813.000,559475681.000,1768996200,1769765400
Falladmin Dashboard,Microsoft Edge,24h,2026-01-28,Wed,142,9473.521,14964.000,2514.569,6863.000,4985.861,9244.000,0.416,137.375,19782.000,,552467495.000,559452863.000,1768996200,1769765400
Falladmin Dashboard,Microsoft Edge,24h,2026-01-29,Thu,144,9285.326,14311.000,2397.354,3439.000,4954.972,10544.000,0.365,137.319,19774.000,,552454825.000,559439593.000,1768996200,1769765400
Falladmin Dashboard,Microsoft Edge,24h,2026-01-30,Fri,58,8996.431,10821.000,1958.466,2306.000,4489.310,5072.000,0.365,137.552,7978.000,,222518557.000,225330383.000,1768996200,1769765400
Falladmin Dashboard,Microsoft Edge,core,2026-01-21,Wed,31,9073.323,10273.000,2469.194,2779.000,5129.677,5704.000,0.364,135.903,4213.000,,118711864.000,120225971.000,1768996200,1769765400
Falladmin Dashboard,Microsoft Edge,core,2026-01-22,Thu,60,9130.367,11885.000,2440.217,7169.000,4940.333,10312.000,0.365,135.500,8130.000,,229760298.000,232692918.000,1768996200,1769765400
Falladmin Dashboard,Microsoft Edge,core,2026-01-23,Fri,60,9016.400,12490.000,2564.183,5378.000,4994.000,8900.000,0.410,136.133,8168.000,,229760763.000,232689783.000,1768996200,1769765400
Falladmin Dashboard,Microsoft Edge,core,2026-01-24,Sat,60,8109.367,9879.000,1954.500,2409.000,4458.133,5632.000,0.479,136.733,8204.000,,229777601.000,232700021.000,1768996200,1769765400
Falladmin Dashboard,Microsoft Edge,core,2026-01-25,Sun,60,8250.883,9544.000,1831.283,2220.000,4207.333,4788.000,0.415,137.833,8270.000,,230235254.000,233139074.000,1768996200,1769765400
Falladmin Dashboard,Microsoft Edge,core,2026-01-26,Mon,58,8468.603,10887.000,2411.883,6201.000,4941.200,8820.000,0.365,136.833,8210.000,,230198813.000,233112233.000,1768996200,1769765400
Falladmin Dashboard,Microsoft Edge,core,2026-01-27,Tue,60,9673.417,16638.000,2559.417,3906.000,4831.067,5320.000,0.463,137.333,8240.000,,230196812.000,233109032.000,1768996200,1769765400
Falladmin Dashboard,Microsoft Edge,core,2026-01-28,Wed,58,10053.345,17225.000,2974.250,10430.000,5518.733,13580.000,0.416,136.850,8211.000,,230184504.000,233098824.000,1768996200,1769765400
Falladmin Dashboard,Microsoft Edge,core,2026-01-29,Thu,60,9849.517,16983.000,2995.567,8324.000,5542.867,11648.000,0.364,136.700,8202.000,,230176353.000,233090973.000,1768996200,1769765400
Falladmin Dashboard,Microsoft Edge,core,2026-01-30,Fri,16,9690.313,10901.000,2083.875,2828.000,4657.250,5532.000,0.364,136.688,2187.000,,61377785.000,62155437.000,1768996200,1769765400
Falladmin Dashboard,Microsoft Edge,offhours,2026-01-21,Wed,36,8506.111,11358.000,2459.500,5304.000,4937.111,7836.000,0.411,136.639,4919.000,,137867629.000,139623421.000,1768996200,1769765400
Falladmin Dashboard,Microsoft Edge,offhours,2026-01-22,Thu,68,8276.647,9163.000,2179.639,3048.000,4724.611,5396.000,0.463,136.889,9856.000,2.000,275742894.000,279250878.000,1768996200,1769765400
Falladmin Dashboard,Microsoft Edge,offhours,2026-01-23,Fri,72,8348.014,9293.000,2133.986,2883.000,4618.000,5732.000,0.403,137.042,9867.000,,275733126.000,279242010.000,1768996200,1769765400
Falladmin Dashboard,Microsoft Edge,offhours,2026-01-24,Sat,61,9048.262,20506.000,1820.736,2322.000,3882.778,4776.000,0.415,136.972,9862.000,,275677018.000,279182002.000,1768996200,1769765400
Falladmin Dashboard,Microsoft Edge,offhours,2026-01-25,Sun,72,8525.347,10625.000,2006.514,2495.000,4465.722,5028.000,0.364,137.889,9928.000,,276272931.000,279760515.000,1768996200,1769765400
Falladmin Dashboard,Microsoft Edge,offhours,2026-01-26,Mon,72,8919.111,11950.000,2373.153,2662.000,5014.444,8272.000,0.474,137.875,9927.000,,276270460.000,279757144.000,1768996200,1769765400
Falladmin Dashboard,Microsoft Edge,offhours,2026-01-27,Tue,72,8428.222,9209.000,2051.222,2553.000,4428.333,5304.000,0.418,137.861,9926.000,,276256964.000,279743948.000,1768996200,1769765400
Falladmin Dashboard,Microsoft Edge,offhours,2026-01-28,Wed,72,8892.042,11390.000,1994.986,2408.000,4473.944,4924.000,0.364,137.792,9921.000,,276243429.000,279732513.000,1768996200,1769765400
Falladmin Dashboard,Microsoft Edge,offhours,2026-01-29,Thu,72,8915.333,10407.000,1942.847,2574.000,4560.000,5212.000,0.365,137.861,9926.000,,276245874.000,279732258.000,1768996200,1769765400
Falladmin Dashboard,Microsoft Edge,offhours,2026-01-30,Fri,36,8672.722,10076.000,1940.250,2306.000,4446.444,4868.000,0.365,137.861,4963.000,,138119834.000,139863626.000,1768996200,1769765400
Latenztest-E-Antrag,Microsoft Edge,24h,2026-01-23,Fri,57,5422.000,5731.000,15.140,22.000,5058.035,5352.000,0.007,23.000,1311.000,342.000,444797847.000,444507147.000,1769178600,1769765400
Latenztest-E-Antrag,Microsoft Edge,24h,2026-01-24,Sat,133,5359.820,5691.000,15.278,21.000,5007.167,5276.000,0.007,23.000,3312.000,864.000,1123699824.000,1122965424.000,1769178600,1769765400
Latenztest-E-Antrag,Microsoft Edge,24h,2026-01-25,Sun,144,5417.521,5579.000,15.729,19.000,4985.750,5208.000,0.007,23.000,3312.000,864.000,1123699824.000,1122965424.000,1769178600,1769765400
Latenztest-E-Antrag,Microsoft Edge,24h,2026-01-26,Mon,142,5389.028,5706.000,14.451,18.000,4987.917,5156.000,0.007,23.000,3312.000,864.000,1123699824.000,1122965424.000,1769178600,1769765400
Latenztest-E-Antrag,Microsoft Edge,24h,2026-01-27,Tue,144,5571.840,5721.000,14.931,22.000,5003.333,5160.000,0.007,23.000,3312.000,864.000,1123699824.000,1122965424.000,1769178600,1769765400
Latenztest-E-Antrag,Microsoft Edge,24h,2026-01-28,Wed,142,5647.401,5929.000,14.396,17.000,5032.139,5292.000,0.007,23.000,3312.000,864.000,1123699824.000,1122965424.000,1769178600,1769765400
Latenztest-E-Antrag,Microsoft Edge,24h,2026-01-29,Thu,144,5607.403,5784.000,15.507,21.000,5011.167,5100.000,0.007,22.986,3310.000,864.000,1123699824.000,1122965424.000,1769178600,1769765400
Latenztest-E-Antrag,Microsoft Edge,24h,2026-01-30,Fri,58,5712.534,5908.000,14.983,18.000,4980.207,5188.000,0.007,23.000,1334.000,348.000,452601318.000,452305518.000,1769178600,1769765400
Latenztest-E-Antrag,Microsoft Edge,core,2026-01-23,Fri,15,5367.000,5670.000,16.133,33.000,5023.200,5296.000,0.007,23.000,345.000,90.000,117052065.000,116975565.000,1769178600,1769765400
Latenztest-E-Antrag,Microsoft Edge,core,2026-01-24,Sat,60,5372.617,5536.000,14.833,21.000,4971.733,5056.000,0.007,23.000,1380.000,360.000,468208260.000,467902260.000,1769178600,1769765400
Latenztest-E-Antrag,Microsoft Edge,core,2026-01-25,Sun,60,5396.017,5500.000,15.017,24.000,4960.800,5048.000,0.007,23.000,1380.000,360.000,468208260.000,467902260.000,1769178600,1769765400
Latenztest-E-Antrag,Microsoft Edge,core,2026-01-26,Mon,58,5218.034,5649.000,14.283,19.000,4998.200,5276.000,0.007,23.000,1380.000,360.000,468208260.000,467902260.000,1769178600,1769765400
Latenztest-E-Antrag,Microsoft Edge,core,2026-01-27,Tue,60,5549.833,5685.000,14.000,16.000,4984.867,5124.000,0.007,23.000,1380.000,360.000,468208260.000,467902260.000,1769178600,1769765400
Latenztest-E-Antrag,Microsoft Edge,core,2026-01-28,Wed,58,5654.810,5815.000,13.500,15.000,5030.000,5212.000,0.007,23.000,1380.000,360.000,468208260.000,467902260.000,1769178600,1769765400
Latenztest-E-Antrag,Microsoft Edge,core,2026-01-29,Thu,60,5462.050,5784.000,14.500,17.000,4979.600,5132.000,0.007,23.000,1380.000,360.000,468208260.000,467902260.000,1769178600,1769765400
Latenztest-E-Antrag,Microsoft Edge,core,2026-01-30,Fri,16,5728.063,5824.000,13.938,15.000,5003.500,5284.000,0.007,23.000,368.000,96.000,124855536.000,124773936.000,1769178600,1769765400
Latenztest-E-Antrag,Microsoft Edge,offhours,2026-01-23,Fri,36,5454.222,5731.000,14.833,17.000,5092.222,5352.000,0.007,23.000,828.000,216.000,280924956.000,280741356.000,1769178600,1769765400
Latenztest-E-Antrag,Microsoft Edge,offhours,2026-01-24,Sat,61,5329.574,5804.000,15.750,21.000,5036.778,5304.000,0.007,23.000,1656.000,432.000,561849912.000,561482712.000,1769178600,1769765400
Latenztest-E-Antrag,Microsoft Edge,offhours,2026-01-25,Sun,72,5436.750,5658.000,16.667,18.000,5011.056,5244.000,0.007,23.000,1656.000,432.000,561849912.000,561482712.000,1769178600,1769765400
Latenztest-E-Antrag,Microsoft Edge,offhours,2026-01-26,Mon,72,5514.167,5709.000,14.569,18.000,4986.389,5096.000,0.007,23.000,1656.000,432.000,561849912.000,561482712.000,1769178600,1769765400
Latenztest-E-Antrag,Microsoft Edge,offhours,2026-01-27,Tue,72,5588.403,5979.000,15.861,23.000,5020.167,5244.000,0.007,23.000,1656.000,432.000,561849912.000,561482712.000,1769178600,1769765400
Latenztest-E-Antrag,Microsoft Edge,offhours,2026-01-28,Wed,72,5652.528,5929.000,15.153,18.000,5039.778,5400.000,0.007,23.000,1656.000,432.000,561849912.000,561482712.000,1769178600,1769765400
Latenztest-E-Antrag,Microsoft Edge,offhours,2026-01-29,Thu,72,5718.292,5771.000,16.264,31.000,5041.778,5064.000,0.007,22.972,1654.000,432.000,561849912.000,561482712.000,1769178600,1769765400
Latenztest-E-Antrag,Microsoft Edge,offhours,2026-01-30,Fri,36,5717.944,5908.000,15.583,18.000,4979.667,5144.000,0.007,23.000,828.000,216.000,280924956.000,280741356.000,1769178600,1769765400
Latenztest-EaSe-Dashboard,Microsoft Edge,24h,2026-01-21,Wed,73,16244.863,23048.000,2426.712,5604.000,2923.178,6124.000,0.206,144.589,10555.000,,279578661.000,286194454.000,1768996200,1769765400
Latenztest-EaSe-Dashboard,Microsoft Edge,24h,2026-01-22,Thu,140,11642.043,20927.000,2588.634,8691.000,3250.000,9884.000,0.339,144.670,16203.000,,428979869.000,439127361.000,1768996200,1769765400
Latenztest-EaSe-Dashboard,Microsoft Edge,24h,2026-01-23,Fri,144,8676.132,19537.000,2400.167,2870.000,2877.810,3344.000,0.353,144.571,12144.000,,321738713.000,329350757.000,1768996200,1769765400
Latenztest-EaSe-Dashboard,Microsoft Edge,24h,2026-01-24,Sat,133,-1.000,-1.000,,,,,,,,,,,1768996200,1769765400
Latenztest-EaSe-Dashboard,Microsoft Edge,24h,2026-01-25,Sun,144,6548.160,21953.000,3190.222,6649.000,3678.400,7344.000,0.247,146.022,6571.000,,172711960.000,176772805.000,1768996200,1769765400
Latenztest-EaSe-Dashboard,Microsoft Edge,24h,2026-01-26,Mon,142,14984.338,20842.000,2305.938,5988.000,2778.694,6408.000,0.352,145.333,20928.000,,552651049.000,565660153.000,1768996200,1769765400
Latenztest-EaSe-Dashboard,Microsoft Edge,24h,2026-01-27,Tue,144,9330.326,19938.000,2131.489,2898.000,2611.957,3404.000,0.353,145.309,13659.000,,360753212.000,369243966.000,1768996200,1769765400
Latenztest-EaSe-Dashboard,Microsoft Edge,24h,2026-01-28,Wed,142,3214.387,17030.000,2344.633,3501.000,2890.533,5832.000,0.201,145.567,4367.000,,115129095.000,117839025.000,1768996200,1769765400
Latenztest-EaSe-Dashboard,Microsoft Edge,24h,2026-01-29,Thu,144,622.111,-1.000,1904.167,1813.000,2366.000,2264.000,0.211,147.000,882.000,,23028242.000,23569688.000,1768996200,1769765400
Latenztest-EaSe-Dashboard,Microsoft Edge,24h,2026-01-30,Fri,58,15412.638,19473.000,1936.379,2738.000,2405.103,3180.000,0.211,145.724,8452.000,,222597420.000,227833198.000,1768996200,1769765400
Latenztest-EaSe-Dashboard,Microsoft Edge,core,2026-01-21,Wed,31,17052.935,20548.000,2398.419,5604.000,2902.581,6124.000,0.206,144.323,4474.000,,118719105.000,121530676.000,1768996200,1769765400
Latenztest-EaSe-Dashboard,Microsoft Edge,core,2026-01-22,Thu,60,7814.350,20927.000,2330.500,3860.000,2824.500,4352.000,0.206,143.938,4606.000,,122559749.000,125462461.000,1768996200,1769765400
Latenztest-EaSe-Dashboard,Microsoft Edge,core,2026-01-23,Fri,60,10729.733,20987.000,2731.143,7820.000,3220.190,8748.000,0.320,144.000,6048.000,,160858398.000,164667720.000,1768996200,1769765400
Latenztest-EaSe-Dashboard,Microsoft Edge,core,2026-01-24,Sat,60,-1.000,-1.000,,,,,,,,,,,1768996200,1769765400
Latenztest-EaSe-Dashboard,Microsoft Edge,core,2026-01-25,Sun,60,1072.117,-1.000,15670.000,15670.000,16116.000,16116.000,0.201,145.000,435.000,,11513757.000,11784480.000,1768996200,1769765400
Latenztest-EaSe-Dashboard,Microsoft Edge,core,2026-01-26,Mon,58,15004.224,24075.000,2430.000,5988.000,2896.933,6408.000,0.352,144.883,8693.000,,230257096.000,235682056.000,1768996200,1769765400
Latenztest-EaSe-Dashboard,Microsoft Edge,core,2026-01-27,Tue,60,12202.417,21515.000,2237.096,2898.000,2718.462,3404.000,0.206,144.904,7535.000,,199552462.000,204253094.000,1768996200,1769765400
Latenztest-EaSe-Dashboard,Microsoft Edge,core,2026-01-28,Wed,58,7871.155,26966.000,2344.633,3501.000,2890.533,5832.000,0.201,145.567,4367.000,,115129095.000,117839025.000,1768996200,1769765400
Latenztest-EaSe-Dashboard,Microsoft Edge,core,2026-01-29,Thu,60,-1.000,-1.000,,,,,,,,,,,1768996200,1769765400
Latenztest-EaSe-Dashboard,Microsoft Edge,core,2026-01-30,Fri,16,16519.750,19444.000,1956.750,2738.000,2443.000,3180.000,0.206,145.000,2320.000,,61400685.000,62846341.000,1768996200,1769765400
Latenztest-EaSe-Dashboard,Microsoft Edge,offhours,2026-01-21,Wed,36,15252.611,17945.000,2510.944,5142.000,3006.111,5616.000,0.206,144.833,5214.000,,137881421.000,141141497.000,1768996200,1769765400
Latenztest-EaSe-Dashboard,Microsoft Edge,offhours,2026-01-22,Thu,68,15115.676,19733.000,2544.208,8691.000,3301.167,9884.000,0.339,145.042,10443.000,,275776735.000,282296587.000,1768996200,1769765400
Latenztest-EaSe-Dashboard,Microsoft Edge,offhours,2026-01-23,Fri,72,7310.806,16893.000,2103.250,2513.000,2568.333,2940.000,0.353,145.167,5226.000,,137897466.000,141156942.000,1768996200,1769765400
Latenztest-EaSe-Dashboard,Microsoft Edge,offhours,2026-01-24,Sat,61,-1.000,-1.000,,,,,,,,,,,1768996200,1769765400
Latenztest-EaSe-Dashboard,Microsoft Edge,offhours,2026-01-25,Sun,72,10735.819,27029.000,2139.972,2706.000,2633.556,3160.000,0.247,145.944,5254.000,,138169886.000,141418562.000,1768996200,1769765400
Latenztest-EaSe-Dashboard,Microsoft Edge,offhours,2026-01-26,Mon,72,14680.569,19906.000,2196.611,3258.000,2675.056,3712.000,0.211,145.764,10495.000,,276341911.000,282841363.000,1768996200,1769765400
Latenztest-EaSe-Dashboard,Microsoft Edge,offhours,2026-01-27,Tue,72,7348.722,17624.000,2013.611,2843.000,2490.889,3292.000,0.353,145.722,5246.000,,138172581.000,141421257.000,1768996200,1769765400
Latenztest-EaSe-Dashboard,Microsoft Edge,offhours,2026-01-28,Wed,72,-1.000,-1.000,,,,,,,,,,,1768996200,1769765400
Latenztest-EaSe-Dashboard,Microsoft Edge,offhours,2026-01-29,Thu,72,1245.222,12027.000,1904.167,1813.000,2366.000,2264.000,0.211,147.000,882.000,,23028242.000,23569688.000,1768996200,1769765400
Latenztest-EaSe-Dashboard,Microsoft Edge,offhours,2026-01-30,Fri,36,14929.194,19473.000,1902.778,2370.000,2364.333,2812.000,0.211,146.000,5256.000,,138169094.000,141417770.000,1768996200,1769765400
Latenztest-PDF-oeffnen,Microsoft Edge,24h,2026-01-21,Wed,73,6073.986,9509.000,1818.096,4952.000,2316.658,5396.000,0.182,163.068,11904.000,,193524678.000,203199662.000,1768996200,1769765400
Latenztest-PDF-oeffnen,Microsoft Edge,24h,2026-01-22,Thu,140,6518.179,11792.000,1872.882,2350.000,2634.778,6172.000,0.178,163.000,23472.000,,381326021.000,400434638.000,1768996200,1769765400
Latenztest-PDF-oeffnen,Microsoft Edge,24h,2026-01-23,Fri,144,5923.090,7881.000,1592.958,2431.000,2112.861,2876.000,0.234,162.882,23455.000,,380847112.000,399946510.000,1768996200,1769765400
Latenztest-PDF-oeffnen,Microsoft Edge,24h,2026-01-24,Sat,133,5880.180,10936.000,1499.861,1991.000,2002.306,2488.000,0.182,162.521,23403.000,,380433015.000,399540969.000,1768996200,1769765400
Latenztest-PDF-oeffnen,Microsoft Edge,24h,2026-01-25,Sun,144,5971.306,11427.000,1678.458,2566.000,2183.056,3136.000,0.182,162.833,23448.000,,380475028.000,399621742.000,1768996200,1769765400
Latenztest-PDF-oeffnen,Microsoft Edge,24h,2026-01-26,Mon,142,6229.592,11740.000,1970.910,6089.000,2519.833,6740.000,0.181,161.813,23301.000,,379675200.000,398840868.000,1768996200,1769765400
Latenztest-PDF-oeffnen,Microsoft Edge,24h,2026-01-27,Tue,144,6284.528,6907.000,1772.924,2428.000,2291.417,3016.000,0.182,163.917,23604.000,,382260264.000,401342832.000,1768996200,1769765400
Latenztest-PDF-oeffnen,Microsoft Edge,24h,2026-01-28,Wed,142,6472.732,10816.000,1640.250,2606.000,2161.944,3088.000,0.234,162.875,23454.000,,380340736.000,399478450.000,1768996200,1769765400
Latenztest-PDF-oeffnen,Microsoft Edge,24h,2026-01-29,Thu,144,6366.542,11427.000,1907.000,5343.000,2501.361,5940.000,0.180,162.382,23383.000,,380480041.000,399628909.000,1768996200,1769765400
Latenztest-PDF-oeffnen,Microsoft Edge,24h,2026-01-30,Fri,58,6118.879,6326.000,1533.517,1950.000,2012.000,2400.000,0.177,164.052,9515.000,,153975624.000,161660650.000,1768996200,1769765400
Latenztest-PDF-oeffnen,Microsoft Edge,core,2026-01-21,Wed,31,6215.387,9509.000,2160.774,4952.000,2629.935,5396.000,0.182,162.935,5051.000,,82198190.000,86308138.000,1768996200,1769765400
Latenztest-PDF-oeffnen,Microsoft Edge,core,2026-01-22,Thu,60,6511.883,11792.000,1746.033,2190.000,2404.733,6172.000,0.178,161.233,9674.000,,158009775.000,165998601.000,1768996200,1769765400
Latenztest-PDF-oeffnen,Microsoft Edge,core,2026-01-23,Fri,60,6417.950,9819.000,1750.517,2611.000,2270.400,3060.000,0.234,161.600,9696.000,,158003648.000,165978128.000,1768996200,1769765400
Latenztest-PDF-oeffnen,Microsoft Edge,core,2026-01-24,Sat,60,6067.217,10936.000,1610.050,5633.000,2109.933,6316.000,0.182,162.817,9769.000,,158668265.000,166624445.000,1768996200,1769765400
Latenztest-PDF-oeffnen,Microsoft Edge,core,2026-01-25,Sun,60,5930.517,11427.000,1590.233,2566.000,2101.200,3136.000,0.182,162.183,9731.000,,158293027.000,166276747.000,1768996200,1769765400
Latenztest-PDF-oeffnen,Microsoft Edge,core,2026-01-26,Mon,58,6793.948,13549.000,2315.400,8193.000,2944.400,8688.000,0.179,161.550,9693.000,,158278834.000,166264354.000,1768996200,1769765400
Latenztest-PDF-oeffnen,Microsoft Edge,core,2026-01-27,Tue,60,6755.817,16956.000,2006.033,7702.000,2543.267,8308.000,0.182,162.950,9777.000,,158784477.000,166751997.000,1768996200,1769765400
Latenztest-PDF-oeffnen,Microsoft Edge,core,2026-01-28,Wed,58,6571.655,8956.000,1446.450,1639.000,1968.467,2320.000,0.173,161.517,9691.000,,157881339.000,165880005.000,1768996200,1769765400
Latenztest-PDF-oeffnen,Microsoft Edge,core,2026-01-29,Thu,60,6772.150,11609.000,2223.133,9180.000,2935.267,9984.000,0.178,161.833,9710.000,,158333212.000,166316632.000,1768996200,1769765400
Latenztest-PDF-oeffnen,Microsoft Edge,core,2026-01-30,Fri,16,5825.125,6314.000,1412.188,1592.000,1908.500,2168.000,0.175,162.500,2600.000,,42303625.000,44427977.000,1768996200,1769765400
Latenztest-PDF-oeffnen,Microsoft Edge,offhours,2026-01-21,Wed,36,6030.167,9481.000,1604.444,2017.000,2126.222,2544.000,0.177,163.306,5879.000,,95326703.000,100096691.000,1768996200,1769765400
Latenztest-PDF-oeffnen,Microsoft Edge,offhours,2026-01-22,Thu,68,6533.779,10619.000,1849.042,2543.000,2742.722,5360.000,0.177,164.250,11826.000,,191398088.000,200931383.000,1768996200,1769765400
Latenztest-PDF-oeffnen,Microsoft Edge,offhours,2026-01-23,Fri,72,5530.069,6259.000,1488.347,1922.000,2011.389,2412.000,0.182,163.806,11794.000,,190976604.000,200513526.000,1768996200,1769765400
Latenztest-PDF-oeffnen,Microsoft Edge,offhours,2026-01-24,Sat,61,5766.410,11936.000,1434.306,1991.000,1939.722,2488.000,0.182,162.194,11678.000,,190014169.000,199575247.000,1768996200,1769765400
Latenztest-PDF-oeffnen,Microsoft Edge,offhours,2026-01-25,Sun,72,5806.736,5936.000,1540.250,2211.000,2040.278,2956.000,0.179,163.139,11746.000,,190295612.000,199869542.000,1768996200,1769765400
Latenztest-PDF-oeffnen,Microsoft Edge,offhours,2026-01-26,Mon,72,5916.333,11077.000,1728.056,3321.000,2220.944,3776.000,0.181,162.333,11688.000,,189914504.000,199491488.000,1768996200,1769765400
Latenztest-PDF-oeffnen,Microsoft Edge,offhours,2026-01-27,Tue,72,5628.319,6347.000,1633.319,2168.000,2140.167,2620.000,0.177,164.653,11855.000,,191657030.000,201180914.000,1768996200,1769765400
Latenztest-PDF-oeffnen,Microsoft Edge,offhours,2026-01-28,Wed,72,6485.278,10847.000,1832.569,5864.000,2361.778,6332.000,0.234,163.972,11806.000,,190787928.000,200333712.000,1768996200,1769765400
Latenztest-PDF-oeffnen,Microsoft Edge,offhours,2026-01-29,Thu,72,5849.153,6435.000,1600.861,1823.000,2113.556,2288.000,0.180,162.931,11731.000,,190400325.000,199969809.000,1768996200,1769765400
Latenztest-PDF-oeffnen,Microsoft Edge,offhours,2026-01-30,Fri,36,6367.778,6326.000,1628.028,1950.000,2099.333,2400.000,0.177,164.667,5928.000,,95731883.000,100497575.000,1768996200,1769765400
Latenztest-SRUV-HP,Microsoft Edge,24h,2026-01-23,Fri,82,739.220,872.000,31.598,36.000,281.902,324.000,0.014,82.841,6793.000,,209358740.000,207363440.000,1769163600,1769765400
Latenztest-SRUV-HP,Microsoft Edge,24h,2026-01-24,Sat,133,780.248,843.000,31.667,35.000,276.361,308.000,0.014,83.326,11999.000,,367673944.000,364165444.000,1769163600,1769765400
Latenztest-SRUV-HP,Microsoft Edge,24h,2026-01-25,Sun,144,811.792,891.000,30.715,36.000,273.722,304.000,0.014,83.097,11966.000,,367675232.000,364166432.000,1769163600,1769765400
Latenztest-SRUV-HP,Microsoft Edge,24h,2026-01-26,Mon,142,1001.746,975.000,38.576,38.000,514.861,344.000,0.014,83.063,11961.000,,367620082.000,364117882.000,1769163600,1769765400
Latenztest-SRUV-HP,Microsoft Edge,24h,2026-01-27,Tue,144,961.444,1080.000,36.979,44.000,300.417,340.000,0.014,83.174,11977.000,,367652413.000,364147513.000,1769163600,1769765400
Latenztest-SRUV-HP,Microsoft Edge,24h,2026-01-28,Wed,142,994.662,1033.000,46.729,40.000,289.861,308.000,0.014,82.736,11914.000,,367646896.000,364144696.000,1769163600,1769765400
Latenztest-SRUV-HP,Microsoft Edge,24h,2026-01-29,Thu,144,1029.861,1108.000,32.174,39.000,285.250,316.000,0.014,83.264,11990.000,,367664928.000,364158528.000,1769163600,1769765400
Latenztest-SRUV-HP,Microsoft Edge,24h,2026-01-30,Fri,58,1058.724,1111.000,31.621,38.000,268.138,296.000,0.014,83.034,4816.000,,148079964.000,146669364.000,1769163600,1769765400
Latenztest-SRUV-HP,Microsoft Edge,core,2026-01-23,Fri,40,690.475,787.000,31.625,35.000,281.200,328.000,0.014,82.875,3315.000,,102129576.000,101155476.000,1769163600,1769765400
Latenztest-SRUV-HP,Microsoft Edge,core,2026-01-24,Sat,60,782.250,840.000,32.233,38.000,277.400,300.000,0.014,83.200,4992.000,,153197584.000,151735684.000,1769163600,1769765400
Latenztest-SRUV-HP,Microsoft Edge,core,2026-01-25,Sun,60,808.750,883.000,30.850,39.000,273.267,296.000,0.014,83.150,4989.000,,153201448.000,151738648.000,1769163600,1769765400
Latenztest-SRUV-HP,Microsoft Edge,core,2026-01-26,Mon,58,1150.845,958.000,48.633,38.000,822.333,344.000,0.014,83.233,4994.000,,153154902.000,151698102.000,1769163600,1769765400
Latenztest-SRUV-HP,Microsoft Edge,core,2026-01-27,Tue,60,981.567,1290.000,42.717,111.000,315.467,612.000,0.014,83.167,4990.000,,153183781.000,151723681.000,1769163600,1769765400
Latenztest-SRUV-HP,Microsoft Edge,core,2026-01-28,Wed,58,1018.224,1036.000,68.183,45.000,312.133,300.000,0.014,83.050,4983.000,,153191144.000,151730744.000,1769163600,1769765400
Latenztest-SRUV-HP,Microsoft Edge,core,2026-01-29,Thu,60,991.417,1084.000,33.500,54.000,284.333,336.000,0.014,83.317,4999.000,,153195008.000,151733708.000,1769163600,1769765400
Latenztest-SRUV-HP,Microsoft Edge,core,2026-01-30,Fri,16,1069.938,1111.000,32.250,42.000,270.750,300.000,0.014,82.875,1326.000,,40848224.000,40459424.000,1769163600,1769765400
Latenztest-SRUV-HP,Microsoft Edge,offhours,2026-01-23,Fri,36,782.722,868.000,30.833,35.000,282.667,316.000,0.014,82.944,2986.000,,91911080.000,91035680.000,1769163600,1769765400
Latenztest-SRUV-HP,Microsoft Edge,offhours,2026-01-24,Sat,61,779.279,938.000,31.167,35.000,276.000,308.000,0.014,83.389,6004.000,,183838904.000,182084204.000,1769163600,1769765400
Latenztest-SRUV-HP,Microsoft Edge,offhours,2026-01-25,Sun,72,815.069,891.000,30.653,35.000,274.944,304.000,0.014,83.125,5985.000,,183835040.000,182081240.000,1769163600,1769765400
Latenztest-SRUV-HP,Microsoft Edge,offhours,2026-01-26,Mon,72,904.472,1181.000,31.292,37.000,297.833,348.000,0.014,82.889,5968.000,,183825148.000,182072248.000,1769163600,1769765400
Latenztest-SRUV-HP,Microsoft Edge,offhours,2026-01-27,Tue,72,948.444,1080.000,32.847,38.000,292.500,308.000,0.014,83.194,5990.000,,183832464.000,182079264.000,1769163600,1769765400
Latenztest-SRUV-HP,Microsoft Edge,offhours,2026-01-28,Wed,72,978.847,1033.000,31.472,37.000,273.889,296.000,0.014,82.597,5947.000,,183819584.000,182069384.000,1769163600,1769765400
Latenztest-SRUV-HP,Microsoft Edge,offhours,2026-01-29,Thu,72,1061.042,1108.000,31.014,35.000,288.000,316.000,0.014,83.292,5997.000,,183833752.000,182080252.000,1769163600,1769765400
Latenztest-SRUV-HP,Microsoft Edge,offhours,2026-01-30,Fri,36,1055.306,1111.000,31.611,38.000,267.889,288.000,0.014,83.111,2992.000,,91911080.000,91035680.000,1769163600,1769765400
Latenzzeit-Schli-Dashboard,Microsoft Edge,24h,2026-01-21,Wed,73,8809.986,12833.000,2757.836,6262.000,3267.507,7004.000,0.333,142.479,10401.000,,279679990.000,289564595.000,1768996200,1769765400
Latenzzeit-Schli-Dashboard,Microsoft Edge,24h,2026-01-22,Thu,140,8874.600,13907.000,2808.306,8438.000,3499.639,9736.000,0.308,142.965,20587.000,,551720928.000,571211268.000,1768996200,1769765400
Latenzzeit-Schli-Dashboard,Microsoft Edge,24h,2026-01-23,Fri,144,8429.403,10979.000,2461.451,3023.000,3165.500,4460.000,0.392,142.694,20548.000,,551713816.000,571210456.000,1768996200,1769765400
Latenzzeit-Schli-Dashboard,Microsoft Edge,24h,2026-01-24,Sat,133,8414.143,9237.000,2022.924,2595.000,2841.917,3344.000,0.401,143.444,20656.000,,551700320.000,571174160.000,1768996200,1769765400
Latenzzeit-Schli-Dashboard,Microsoft Edge,24h,2026-01-25,Sun,144,8565.125,11885.000,2221.889,5883.000,2928.417,6428.000,0.392,144.028,20740.000,,552819106.000,572270146.000,1768996200,1769765400
Latenzzeit-Schli-Dashboard,Microsoft Edge,24h,2026-01-26,Mon,142,9065.838,13335.000,2817.292,7219.000,3323.000,7692.000,0.368,143.299,20635.000,,552767838.000,572239578.000,1768996200,1769765400
Latenzzeit-Schli-Dashboard,Microsoft Edge,24h,2026-01-27,Tue,144,8713.111,9563.000,2348.285,3591.000,2975.333,4192.000,0.368,143.993,20735.000,,552806866.000,572254606.000,1768996200,1769765400
Latenzzeit-Schli-Dashboard,Microsoft Edge,24h,2026-01-28,Wed,142,9535.662,13640.000,2493.639,6188.000,3325.139,7252.000,0.380,143.931,20726.000,3.000,552810123.000,572259963.000,1768996200,1769765400
Latenzzeit-Schli-Dashboard,Microsoft Edge,24h,2026-01-29,Thu,144,9093.486,10868.000,2245.486,2908.000,3139.444,3660.000,0.406,143.819,20710.000,,552795686.000,572244926.000,1768996200,1769765400
Latenzzeit-Schli-Dashboard,Microsoft Edge,24h,2026-01-30,Fri,58,8340.310,9169.000,2042.603,2426.000,2547.517,3060.000,0.326,143.879,8345.000,,222658956.000,230492386.000,1768996200,1769765400
Latenzzeit-Schli-Dashboard,Microsoft Edge,core,2026-01-21,Wed,31,9081.226,12833.000,3002.226,6850.000,3523.484,7296.000,0.333,141.871,4398.000,,118759793.000,122960928.000,1768996200,1769765400
Latenzzeit-Schli-Dashboard,Microsoft Edge,core,2026-01-22,Thu,60,9783.517,16694.000,3745.100,15133.000,4473.733,16304.000,0.290,142.433,8546.000,,229867841.000,237995741.000,1768996200,1769765400
Latenzzeit-Schli-Dashboard,Microsoft Edge,core,2026-01-23,Fri,60,8732.800,13906.000,2817.950,7940.000,3564.733,8368.000,0.255,142.067,8524.000,,229863181.000,237995281.000,1768996200,1769765400
Latenzzeit-Schli-Dashboard,Microsoft Edge,core,2026-01-24,Sat,60,8531.783,9620.000,2119.200,2823.000,2862.067,3456.000,0.401,143.183,8591.000,,229897125.000,238012725.000,1768996200,1769765400
Latenzzeit-Schli-Dashboard,Microsoft Edge,core,2026-01-25,Sun,60,8890.650,13266.000,2297.283,7003.000,3063.400,7684.000,0.253,143.517,8611.000,,230335369.000,238443769.000,1768996200,1769765400
Latenzzeit-Schli-Dashboard,Microsoft Edge,core,2026-01-26,Mon,58,9232.983,19907.000,3098.450,7322.000,3622.400,7784.000,0.368,142.450,8547.000,,230295283.000,238420483.000,1768996200,1769765400
Latenzzeit-Schli-Dashboard,Microsoft Edge,core,2026-01-27,Tue,60,8937.517,13327.000,2591.750,9044.000,3166.400,9852.000,0.368,143.483,8609.000,,230322167.000,238431167.000,1768996200,1769765400
Latenzzeit-Schli-Dashboard,Microsoft Edge,core,2026-01-28,Wed,58,9354.966,10400.000,2570.600,3288.000,3256.067,4680.000,0.354,143.333,8600.000,3.000,230327869.000,238437169.000,1768996200,1769765400
Latenzzeit-Schli-Dashboard,Microsoft Edge,core,2026-01-29,Thu,60,8907.033,10868.000,2150.317,2908.000,3048.667,3668.000,0.406,143.050,8583.000,,230309669.000,238422869.000,1768996200,1769765400
Latenzzeit-Schli-Dashboard,Microsoft Edge,core,2026-01-30,Fri,16,8652.688,9169.000,2057.500,2595.000,2557.750,3060.000,0.269,142.625,2282.000,,61414943.000,63579303.000,1768996200,1769765400
Latenzzeit-Schli-Dashboard,Microsoft Edge,offhours,2026-01-21,Wed,36,8418.889,11407.000,2692.889,6195.000,3199.778,6732.000,0.261,143.167,5154.000,,137934611.000,142804871.000,1768996200,1769765400
Latenzzeit-Schli-Dashboard,Microsoft Edge,offhours,2026-01-22,Thu,68,8091.500,8943.000,2089.069,2886.000,2757.667,3472.000,0.308,143.333,10320.000,,275874233.000,285613553.000,1768996200,1769765400
Latenzzeit-Schli-Dashboard,Microsoft Edge,offhours,2026-01-23,Fri,72,8192.472,9321.000,2066.153,2599.000,2745.889,3468.000,0.392,143.375,10323.000,,275877379.000,285616399.000,1768996200,1769765400
Latenzzeit-Schli-Dashboard,Microsoft Edge,offhours,2026-01-24,Sat,61,8272.148,8996.000,1956.986,2417.000,2839.222,3312.000,0.395,143.806,10354.000,,275825516.000,285559436.000,1768996200,1769765400
Latenzzeit-Schli-Dashboard,Microsoft Edge,offhours,2026-01-25,Sun,72,8282.861,9270.000,2068.875,2550.000,2726.111,3468.000,0.392,144.375,10395.000,,276414144.000,286136964.000,1768996200,1769765400
Latenzzeit-Schli-Dashboard,Microsoft Edge,offhours,2026-01-26,Mon,72,8804.319,11835.000,2618.833,3144.000,3113.500,3628.000,0.368,143.875,10359.000,,276405038.000,286131458.000,1768996200,1769765400
Latenzzeit-Schli-Dashboard,Microsoft Edge,offhours,2026-01-27,Tue,72,8529.639,9441.000,2066.375,3297.000,2744.722,3792.000,0.362,144.458,10401.000,,276417572.000,286134992.000,1768996200,1769765400
Latenzzeit-Schli-Dashboard,Microsoft Edge,offhours,2026-01-28,Wed,72,9808.819,15192.000,2464.153,6188.000,3423.944,7252.000,0.380,144.611,10412.000,,276418922.000,286136642.000,1768996200,1769765400
Latenzzeit-Schli-Dashboard,Microsoft Edge,offhours,2026-01-29,Thu,72,9143.833,9556.000,2182.014,2560.000,3103.444,3364.000,0.300,144.403,10397.000,,276419039.000,286134659.000,1768996200,1769765400
Latenzzeit-Schli-Dashboard,Microsoft Edge,offhours,2026-01-30,Fri,36,8245.750,8549.000,2064.083,2426.000,2575.000,3400.000,0.326,144.361,5197.000,,138209240.000,143068400.000,1768996200,1769765400
Sachverhalt (Verfahrensakte) Ansicht,Microsoft Edge,24h,2026-01-21,Wed,73,14018.795,18631.000,2255.027,2794.000,2819.178,3444.000,0.642,139.164,10159.000,,192745569.000,189709869.000,1768996200,1769765400
Sachverhalt (Verfahrensakte) Ansicht,Microsoft Edge,24h,2026-01-22,Thu,140,14756.843,23451.000,3138.167,8561.000,3834.250,9896.000,0.647,139.597,20102.000,2.000,380231396.000,374237996.000,1768996200,1769765400
Sachverhalt (Verfahrensakte) Ansicht,Microsoft Edge,24h,2026-01-23,Fri,144,14685.826,22032.000,2237.333,3285.000,2744.167,3728.000,0.641,139.576,20099.000,,380238281.000,374245181.000,1768996200,1769765400
Sachverhalt (Verfahrensakte) Ansicht,Microsoft Edge,24h,2026-01-24,Sat,133,14908.496,20771.000,1967.813,2598.000,2445.417,3108.000,0.641,140.083,20172.000,,380329069.000,374318869.000,1768996200,1769765400
Sachverhalt (Verfahrensakte) Ansicht,Microsoft Edge,24h,2026-01-25,Sun,144,15210.840,18415.000,2125.326,2666.000,2597.528,3160.000,0.641,141.042,20310.000,,381376754.000,375328754.000,1768996200,1769765400
Sachverhalt (Verfahrensakte) Ansicht,Microsoft Edge,24h,2026-01-26,Mon,142,15607.937,22075.000,2329.118,3423.000,2839.389,5088.000,0.641,140.375,20214.000,,381321440.000,375288440.000,1768996200,1769765400
Sachverhalt (Verfahrensakte) Ansicht,Microsoft Edge,24h,2026-01-27,Tue,144,14908.174,20384.000,2161.347,2869.000,2671.306,3552.000,0.641,140.590,20245.000,,381330583.000,375294883.000,1768996200,1769765400
Sachverhalt (Verfahrensakte) Ansicht,Microsoft Edge,24h,2026-01-28,Wed,142,16000.972,22136.000,2156.361,3020.000,2648.472,3848.000,0.642,140.319,20206.000,,381321557.000,375286157.000,1768996200,1769765400
Sachverhalt (Verfahrensakte) Ansicht,Microsoft Edge,24h,2026-01-29,Thu,144,18091.111,25019.000,2214.993,3135.000,2743.056,3568.000,0.641,140.444,20224.000,,381308279.000,375275279.000,1768996200,1769765400
Sachverhalt (Verfahrensakte) Ansicht,Microsoft Edge,24h,2026-01-30,Fri,58,16989.879,20159.000,2049.569,2964.000,2557.931,3432.000,0.641,140.655,8158.000,,153595501.000,151161901.000,1768996200,1769765400
Sachverhalt (Verfahrensakte) Ansicht,Microsoft Edge,core,2026-01-21,Wed,31,14325.161,17208.000,2479.419,2794.000,3032.129,3940.000,0.642,138.774,4302.000,,81841917.000,80555517.000,1768996200,1769765400
Sachverhalt (Verfahrensakte) Ansicht,Microsoft Edge,core,2026-01-22,Thu,60,15859.800,27232.000,4266.533,13296.000,4807.333,13968.000,0.647,139.317,8359.000,2.000,158420925.000,155927025.000,1768996200,1769765400
Sachverhalt (Verfahrensakte) Ansicht,Microsoft Edge,core,2026-01-23,Fri,60,15738.850,25471.000,2761.017,8107.000,3261.533,8832.000,0.641,138.933,8336.000,,158417872.000,155925472.000,1768996200,1769765400
Sachverhalt (Verfahrensakte) Ansicht,Microsoft Edge,core,2026-01-24,Sat,60,15386.117,21527.000,2019.400,2430.000,2500.267,2876.000,0.641,140.000,8400.000,,158449116.000,155947116.000,1768996200,1769765400
Sachverhalt (Verfahrensakte) Ansicht,Microsoft Edge,core,2026-01-25,Sun,60,14944.650,17810.000,2076.767,2646.000,2544.400,3104.000,0.641,141.033,8462.000,,158907198.000,156387198.000,1768996200,1769765400
Sachverhalt (Verfahrensakte) Ansicht,Microsoft Edge,core,2026-01-26,Mon,58,15398.103,22075.000,2410.483,5996.000,2897.400,6436.000,0.641,139.817,8389.000,,158860990.000,156353890.000,1768996200,1769765400
Sachverhalt (Verfahrensakte) Ansicht,Microsoft Edge,core,2026-01-27,Tue,60,15064.783,24267.000,2435.183,7747.000,2951.600,8416.000,0.641,140.117,8407.000,,158865004.000,156356104.000,1768996200,1769765400
Sachverhalt (Verfahrensakte) Ansicht,Microsoft Edge,core,2026-01-28,Wed,58,17613.862,23764.000,2321.533,5537.000,2813.800,5996.000,0.641,139.883,8393.000,,158871407.000,156360707.000,1768996200,1769765400
Sachverhalt (Verfahrensakte) Ansicht,Microsoft Edge,core,2026-01-29,Thu,60,18360.700,22306.000,2316.017,3076.000,2835.733,3568.000,0.641,139.667,8380.000,,158848671.000,156342471.000,1768996200,1769765400
Sachverhalt (Verfahrensakte) Ansicht,Microsoft Edge,core,2026-01-30,Fri,16,18111.000,20681.000,1793.813,1989.000,2263.000,2496.000,0.641,139.875,2238.000,,42364407.000,41694807.000,1768996200,1769765400
Sachverhalt (Verfahrensakte) Ansicht,Microsoft Edge,offhours,2026-01-21,Wed,36,13632.306,16378.000,2136.250,2220.000,2699.889,3444.000,0.641,139.556,5024.000,,95062089.000,93562089.000,1768996200,1769765400
Sachverhalt (Verfahrensakte) Ansicht,Microsoft Edge,offhours,2026-01-22,Thu,68,13901.368,22188.000,2252.819,3466.000,3115.000,7404.000,0.642,139.819,10067.000,,190129582.000,187128682.000,1768996200,1769765400
Sachverhalt (Verfahrensakte) Ansicht,Microsoft Edge,offhours,2026-01-23,Fri,72,13975.458,18288.000,1850.208,2340.000,2369.722,3200.000,0.641,139.972,10078.000,,190130734.000,187130134.000,1768996200,1769765400
Sachverhalt (Verfahrensakte) Ansicht,Microsoft Edge,offhours,2026-01-24,Sat,61,14324.197,17599.000,1872.611,2598.000,2348.333,3108.000,0.641,140.306,10102.000,,190190850.000,187183050.000,1768996200,1769765400
Sachverhalt (Verfahrensakte) Ansicht,Microsoft Edge,offhours,2026-01-25,Sun,72,15914.833,19804.000,2175.889,3212.000,2654.278,3724.000,0.641,141.056,10156.000,,190688160.000,187664160.000,1768996200,1769765400
Sachverhalt (Verfahrensakte) Ansicht,Microsoft Edge,offhours,2026-01-26,Mon,72,16017.528,24425.000,2215.722,2798.000,2747.778,3352.000,0.641,140.875,10143.000,,190686354.000,187662654.000,1768996200,1769765400
Sachverhalt (Verfahrensakte) Ansicht,Microsoft Edge,offhours,2026-01-27,Tue,72,14890.486,18742.000,1949.806,2336.000,2461.000,2872.000,0.641,140.972,10150.000,,190686436.000,187663036.000,1768996200,1769765400
Sachverhalt (Verfahrensakte) Ansicht,Microsoft Edge,offhours,2026-01-28,Wed,72,14638.042,19351.000,2065.472,2574.000,2559.000,3032.000,0.642,140.542,10119.000,,190673945.000,187652045.000,1768996200,1769765400
Sachverhalt (Verfahrensakte) Ansicht,Microsoft Edge,offhours,2026-01-29,Thu,72,17836.528,25244.000,2048.333,2345.000,2559.000,2952.000,0.641,141.028,10154.000,,190681026.000,187657626.000,1768996200,1769765400
Sachverhalt (Verfahrensakte) Ansicht,Microsoft Edge,offhours,2026-01-30,Fri,36,16286.222,18801.000,2105.417,2964.000,2615.333,3432.000,0.641,141.056,5078.000,,95341161.000,93829161.000,1768996200,1769765400
Telefonie Ansicht,Microsoft Edge,24h,2026-01-21,Wed,73,11425.630,15841.000,2326.384,2920.000,2819.890,3432.000,0.641,139.123,10156.000,,189335177.000,186303977.000,1768996200,1769765400
Telefonie Ansicht,Microsoft Edge,24h,2026-01-22,Thu,140,11571.171,18529.000,2496.632,6626.000,3017.556,7152.000,0.641,139.111,20032.000,,373471173.000,367495773.000,1768996200,1769765400
Telefonie Ansicht,Microsoft Edge,24h,2026-01-23,Fri,144,13047.903,17613.000,2377.917,3745.000,2894.444,4536.000,0.641,138.986,20014.000,,373436631.000,367466631.000,1768996200,1769765400
Telefonie Ansicht,Microsoft Edge,24h,2026-01-24,Sat,133,14138.271,17792.000,2289.194,3086.000,2799.194,3612.000,0.641,140.083,20172.000,,373495400.000,367497800.000,1768996200,1769765400
Telefonie Ansicht,Microsoft Edge,24h,2026-01-25,Sun,144,14017.056,17854.000,2053.431,3003.000,2578.000,3536.000,0.641,140.493,20231.000,,374613385.000,368582485.000,1768996200,1769765400
Telefonie Ansicht,Microsoft Edge,24h,2026-01-26,Mon,142,13616.859,21483.000,2716.535,6799.000,3231.611,7264.000,0.641,139.979,20157.000,,374593640.000,368572940.000,1768996200,1769765400
Telefonie Ansicht,Microsoft Edge,24h,2026-01-27,Tue,144,11629.549,17356.000,2334.549,2800.000,2842.417,3560.000,0.641,140.403,20218.000,,374611588.000,368583388.000,1768996200,1769765400
Telefonie Ansicht,Microsoft Edge,24h,2026-01-28,Wed,142,13796.035,20059.000,2481.847,5747.000,2984.889,6260.000,0.642,140.132,20179.000,,374534146.000,368518246.000,1768996200,1769765400
Telefonie Ansicht,Microsoft Edge,24h,2026-01-29,Thu,144,15880.764,21334.000,2512.299,2947.000,3183.667,5688.000,0.641,140.257,20197.000,,374579949.000,368556249.000,1768996200,1769765400
Telefonie Ansicht,Microsoft Edge,24h,2026-01-30,Fri,58,15058.259,18652.000,2027.052,2646.000,2496.966,3088.000,0.641,140.552,8152.000,,150882641.000,148454441.000,1768996200,1769765400
Telefonie Ansicht,Microsoft Edge,core,2026-01-21,Wed,31,11421.774,17139.000,2450.419,2868.000,2932.129,3328.000,0.641,138.516,4294.000,,80388274.000,79104274.000,1768996200,1769765400
Telefonie Ansicht,Microsoft Edge,core,2026-01-22,Thu,60,12005.750,20020.000,3101.817,10254.000,3622.667,12036.000,0.641,138.333,8300.000,,155580428.000,153099428.000,1768996200,1769765400
Telefonie Ansicht,Microsoft Edge,core,2026-01-23,Fri,60,13171.733,22559.000,2902.017,7889.000,3427.333,8328.000,0.641,138.000,8280.000,,155542201.000,153066601.000,1768996200,1769765400
Telefonie Ansicht,Microsoft Edge,core,2026-01-24,Sat,60,14746.850,22369.000,2504.200,6209.000,2997.333,6828.000,0.641,140.033,8402.000,,155642768.000,153146168.000,1768996200,1769765400
Telefonie Ansicht,Microsoft Edge,core,2026-01-25,Sun,60,13426.933,15682.000,1964.283,2699.000,2489.000,3396.000,0.641,140.733,8444.000,,156102402.000,153587202.000,1768996200,1769765400
Telefonie Ansicht,Microsoft Edge,core,2026-01-26,Mon,58,13437.966,23705.000,3212.100,12519.000,3749.333,13036.000,0.641,139.233,8354.000,,156054335.000,153553535.000,1768996200,1769765400
Telefonie Ansicht,Microsoft Edge,core,2026-01-27,Tue,60,11061.767,17164.000,2362.467,2800.000,2875.600,3560.000,0.641,140.000,8400.000,,156065958.000,153560358.000,1768996200,1769765400
Telefonie Ansicht,Microsoft Edge,core,2026-01-28,Wed,58,15562.345,21729.000,2981.783,7797.000,3503.467,8416.000,0.641,139.400,8364.000,,156027554.000,153527354.000,1768996200,1769765400
Telefonie Ansicht,Microsoft Edge,core,2026-01-29,Thu,60,16041.650,24405.000,2904.750,7564.000,3654.800,8024.000,0.641,139.750,8385.000,,156057768.000,153553068.000,1768996200,1769765400
Telefonie Ansicht,Microsoft Edge,core,2026-01-30,Fri,16,16214.875,19553.000,2054.875,2646.000,2532.000,3088.000,0.641,139.250,2228.000,,41601771.000,40936371.000,1768996200,1769765400
Telefonie Ansicht,Microsoft Edge,offhours,2026-01-21,Wed,36,11508.111,14909.000,2264.722,2920.000,2770.778,3432.000,0.641,139.722,5030.000,,93388835.000,91890035.000,1768996200,1769765400
Telefonie Ansicht,Microsoft Edge,offhours,2026-01-22,Thu,68,11236.029,16045.000,2062.056,2341.000,2590.889,3168.000,0.641,139.792,10065.000,,186766990.000,183770890.000,1768996200,1769765400
Telefonie Ansicht,Microsoft Edge,offhours,2026-01-23,Fri,72,12896.639,17037.000,2001.153,2828.000,2514.556,3376.000,0.641,139.972,10078.000,,186778143.000,183780543.000,1768996200,1769765400
Telefonie Ansicht,Microsoft Edge,offhours,2026-01-24,Sat,61,13593.131,17189.000,2069.625,2887.000,2582.611,3604.000,0.641,140.250,10098.000,,186732152.000,183729152.000,1768996200,1769765400
Telefonie Ansicht,Microsoft Edge,offhours,2026-01-25,Sun,72,14144.944,18697.000,2131.181,3005.000,2654.611,4364.000,0.641,140.375,10107.000,,187302378.000,184287678.000,1768996200,1769765400
Telefonie Ansicht,Microsoft Edge,offhours,2026-01-26,Mon,72,13929.639,19282.000,2365.292,5603.000,2867.556,6100.000,0.641,140.583,10122.000,,187321493.000,184303493.000,1768996200,1769765400
Telefonie Ansicht,Microsoft Edge,offhours,2026-01-27,Tue,72,12070.986,17356.000,2383.625,7141.000,2886.500,7604.000,0.641,140.778,10136.000,,187329806.000,184309406.000,1768996200,1769765400
Telefonie Ansicht,Microsoft Edge,offhours,2026-01-28,Wed,72,12522.556,20059.000,2144.333,2663.000,2635.111,3128.000,0.642,140.819,10139.000,,187299800.000,184284500.000,1768996200,1769765400
Telefonie Ansicht,Microsoft Edge,offhours,2026-01-29,Thu,72,15431.708,19979.000,1959.139,2438.000,2550.222,3104.000,0.641,140.778,10136.000,,187322331.000,184302531.000,1768996200,1769765400
Telefonie Ansicht,Microsoft Edge,offhours,2026-01-30,Fri,36,14444.361,16915.000,2020.083,2677.000,2486.222,3228.000,0.641,141.111,5080.000,,93668468.000,92157668.000,1768996200,1769765400
Alle Spalten Ansicht,Mozilla Firefox,24h,2026-01-21,Wed,73,18537.178,24671.000,2622.986,8143.000,3949.041,8705.000,0.000,149.438,10909.000,,203691117.000,228979917.000,1768996200,1769765400
Alle Spalten Ansicht,Mozilla Firefox,24h,2026-01-22,Thu,140,18073.550,24900.000,2509.424,3346.000,3658.007,5533.000,0.000,149.729,21561.000,,401809639.000,451694615.000,1768996200,1769765400
Alle Spalten Ansicht,Mozilla Firefox,24h,2026-01-23,Fri,144,20074.792,26034.000,2377.347,3933.000,3646.236,5299.000,0.000,149.604,21543.000,,401801642.000,451686806.000,1768996200,1769765400
Alle Spalten Ansicht,Mozilla Firefox,24h,2026-01-24,Sat,133,19562.835,25333.000,2127.201,2781.000,3201.938,3928.000,0.000,149.875,21582.000,,401758737.000,451655361.000,1768996200,1769765400
Alle Spalten Ansicht,Mozilla Firefox,24h,2026-01-25,Sun,144,20685.493,25951.000,2272.208,3011.000,3506.139,5116.000,0.000,150.806,21716.000,4.000,402919062.000,452910454.000,1768996200,1769765400
Alle Spalten Ansicht,Mozilla Firefox,24h,2026-01-26,Mon,142,19414.627,26070.000,2665.896,6796.000,3756.965,7311.000,0.000,150.424,21661.000,,402890778.000,452882138.000,1768996200,1769765400
Alle Spalten Ansicht,Mozilla Firefox,24h,2026-01-27,Tue,144,18947.271,25182.000,2260.424,3216.000,3403.299,4286.000,0.000,150.590,21685.000,,402905842.000,452897202.000,1768996200,1769765400
Alle Spalten Ansicht,Mozilla Firefox,24h,2026-01-28,Wed,142,20575.669,27328.000,2300.861,3155.000,3567.986,4935.000,0.000,150.465,21667.000,,402907023.000,452898255.000,1768996200,1769765400
Alle Spalten Ansicht,Mozilla Firefox,24h,2026-01-29,Thu,144,20960.757,25845.000,2368.625,3298.000,3622.257,4503.000,0.000,150.410,21659.000,,402914506.000,452906418.000,1768996200,1769765400
Alle Spalten Ansicht,Mozilla Firefox,24h,2026-01-30,Fri,58,21819.224,25328.000,1966.638,2587.000,3277.655,4022.000,0.000,150.690,8740.000,,162294739.000,182430155.000,1768996200,1769765400
Alle Spalten Ansicht,Mozilla Firefox,core,2026-01-21,Wed,31,18931.742,24507.000,2706.516,8143.000,3847.742,8705.000,0.000,148.903,4616.000,,86494053.000,97233061.000,1768996200,1769765400
Alle Spalten Ansicht,Mozilla Firefox,core,2026-01-22,Thu,60,17901.950,24894.000,2731.033,7703.000,3814.883,8601.000,0.000,149.283,8957.000,,167412714.000,188197994.000,1768996200,1769765400
Alle Spalten Ansicht,Mozilla Firefox,core,2026-01-23,Fri,60,21020.733,29627.000,2709.300,4898.000,3833.033,5428.000,0.000,149.133,8948.000,,167410329.000,188195561.000,1768996200,1769765400
Alle Spalten Ansicht,Mozilla Firefox,core,2026-01-24,Sat,60,20346.700,24751.000,2152.650,2824.000,3053.367,3813.000,0.000,149.833,8990.000,,167425687.000,188211047.000,1768996200,1769765400
Alle Spalten Ansicht,Mozilla Firefox,core,2026-01-25,Sun,60,20385.433,24240.000,2247.567,3011.000,3406.517,4092.000,0.000,150.867,9052.000,,167882562.000,188712338.000,1768996200,1769765400
Alle Spalten Ansicht,Mozilla Firefox,core,2026-01-26,Mon,58,17501.483,24782.000,2670.200,8332.000,3634.333,8912.000,0.000,149.617,8977.000,,167855891.000,188685427.000,1768996200,1769765400
Alle Spalten Ansicht,Mozilla Firefox,core,2026-01-27,Tue,60,17937.533,25351.000,2292.783,3216.000,3302.333,3935.000,0.000,150.550,9033.000,,167871484.000,188701292.000,1768996200,1769765400
Alle Spalten Ansicht,Mozilla Firefox,core,2026-01-28,Wed,58,20755.569,27615.000,2477.417,3372.000,3547.433,4731.000,0.000,150.100,9006.000,,167869227.000,188698827.000,1768996200,1769765400
Alle Spalten Ansicht,Mozilla Firefox,core,2026-01-29,Thu,60,21450.433,27229.000,2218.533,3298.000,3515.517,4117.000,0.000,149.733,8984.000,,167873325.000,188702829.000,1768996200,1769765400
Alle Spalten Ansicht,Mozilla Firefox,core,2026-01-30,Fri,16,23063.625,25328.000,1894.500,2217.000,3419.313,4031.000,0.000,150.375,2406.000,,44768586.000,50323178.000,1768996200,1769765400
Alle Spalten Ansicht,Mozilla Firefox,offhours,2026-01-21,Wed,36,17735.694,22681.000,2669.639,6928.000,4122.000,7766.000,0.000,149.917,5397.000,,100455442.000,112926706.000,1768996200,1769765400
Alle Spalten Ansicht,Mozilla Firefox,offhours,2026-01-22,Thu,68,18205.265,24900.000,2354.056,2980.000,3600.389,5533.000,0.000,150.153,10811.000,,200913243.000,225855883.000,1768996200,1769765400
Alle Spalten Ansicht,Mozilla Firefox,offhours,2026-01-23,Fri,72,19741.069,23526.000,2150.569,2719.000,3553.708,4783.000,0.000,150.042,10803.000,,200907368.000,225850260.000,1768996200,1769765400
Alle Spalten Ansicht,Mozilla Firefox,offhours,2026-01-24,Sat,61,18862.443,26248.000,2004.250,2662.000,3238.431,3928.000,0.000,149.944,10796.000,,200847980.000,225802188.000,1768996200,1769765400
Alle Spalten Ansicht,Mozilla Firefox,offhours,2026-01-25,Sun,72,20669.986,25951.000,2298.958,2775.000,3582.389,5116.000,0.000,150.778,10856.000,4.000,201460100.000,226455780.000,1768996200,1769765400
Alle Spalten Ansicht,Mozilla Firefox,offhours,2026-01-26,Mon,72,20810.153,25739.000,2528.750,5351.000,3742.194,5883.000,0.000,151.056,10876.000,,201459298.000,226455170.000,1768996200,1769765400
Alle Spalten Ansicht,Mozilla Firefox,offhours,2026-01-27,Tue,72,19794.458,25182.000,2279.569,2819.000,3482.625,5485.000,0.000,150.639,10846.000,,201458630.000,226454246.000,1768996200,1769765400
Alle Spalten Ansicht,Mozilla Firefox,offhours,2026-01-28,Wed,72,20618.569,25405.000,2202.778,2558.000,3640.472,5054.000,0.000,150.681,10849.000,,201461835.000,226457483.000,1768996200,1769765400
Alle Spalten Ansicht,Mozilla Firefox,offhours,2026-01-29,Thu,72,21033.569,25048.000,2384.722,2879.000,3641.333,4503.000,0.000,151.014,10873.000,,201465945.000,226462417.000,1768996200,1769765400
Alle Spalten Ansicht,Mozilla Firefox,offhours,2026-01-30,Fri,36,21270.194,24492.000,1943.278,2577.000,3191.778,3862.000,0.000,150.833,5430.000,,100736751.000,113234607.000,1768996200,1769765400
Falladmin Dashboard,Mozilla Firefox,24h,2026-01-21,Wed,73,8919.479,10353.000,2154.616,3450.000,4955.205,6510.000,0.000,148.521,10842.000,,279438595.000,323939794.000,1768996200,1769765400
Falladmin Dashboard,Mozilla Firefox,24h,2026-01-22,Thu,140,8881.357,11627.000,2349.910,2739.000,5072.465,5787.000,0.000,148.375,21366.000,,551197643.000,638985603.000,1768996200,1769765400
Falladmin Dashboard,Mozilla Firefox,24h,2026-01-23,Fri,144,8828.903,10267.000,2267.764,2882.000,5033.965,6018.000,0.000,148.500,21384.000,,551181422.000,638966146.000,1768996200,1769765400
Falladmin Dashboard,Mozilla Firefox,24h,2026-01-24,Sat,133,8072.421,9756.000,1894.632,2438.000,4555.389,5261.000,0.000,149.049,21463.000,,551137750.000,638943538.000,1768996200,1769765400
Falladmin Dashboard,Mozilla Firefox,24h,2026-01-25,Sun,144,8673.868,12531.000,2187.056,3318.000,4862.243,6323.000,0.000,150.056,21608.000,,552288012.000,640253804.000,1768996200,1769765400
Falladmin Dashboard,Mozilla Firefox,24h,2026-01-26,Mon,142,9027.761,11968.000,2390.354,3951.000,5141.167,6567.000,0.000,149.229,21489.000,,552239127.000,640206475.000,1768996200,1769765400
Falladmin Dashboard,Mozilla Firefox,24h,2026-01-27,Tue,144,9014.938,10965.000,2218.215,2740.000,4937.882,5759.000,0.000,149.458,21522.000,,552221561.000,640189733.000,1768996200,1769765400
Falladmin Dashboard,Mozilla Firefox,24h,2026-01-28,Wed,142,9027.056,10452.000,2155.861,2844.000,4983.528,6056.000,0.000,149.451,21521.000,,552392856.000,640184604.000,1768996200,1769765400
Falladmin Dashboard,Mozilla Firefox,24h,2026-01-29,Thu,144,9230.132,10949.000,2189.646,3032.000,4946.528,6314.000,0.000,149.132,21475.000,,552199661.000,640168697.000,1768996200,1769765400
Falladmin Dashboard,Mozilla Firefox,24h,2026-01-30,Fri,58,9205.655,10573.000,1883.966,2249.000,4553.655,5063.000,0.000,149.259,8657.000,,222414467.000,257846907.000,1768996200,1769765400
Falladmin Dashboard,Mozilla Firefox,core,2026-01-21,Wed,31,9413.258,10353.000,2191.903,3450.000,5120.129,6372.000,0.000,148.452,4602.000,,118664699.000,137562088.000,1768996200,1769765400
Falladmin Dashboard,Mozilla Firefox,core,2026-01-22,Thu,60,8824.000,11478.000,2265.917,2667.000,5088.783,5787.000,0.000,148.100,8886.000,,229661278.000,266239186.000,1768996200,1769765400
Falladmin Dashboard,Mozilla Firefox,core,2026-01-23,Fri,60,9461.967,11519.000,2640.267,8398.000,5612.067,12404.000,0.000,148.217,8893.000,,229651869.000,266228625.000,1768996200,1769765400
Falladmin Dashboard,Mozilla Firefox,core,2026-01-24,Sat,60,8453.450,10290.000,1921.800,2719.000,4632.417,5773.000,0.000,148.833,8930.000,,229659789.000,266237873.000,1768996200,1769765400
Falladmin Dashboard,Mozilla Firefox,core,2026-01-25,Sun,60,8643.917,12531.000,2045.950,2372.000,4738.067,5045.000,0.000,149.933,8996.000,,230120843.000,266772787.000,1768996200,1769765400
Falladmin Dashboard,Mozilla Firefox,core,2026-01-26,Mon,58,9062.879,11968.000,2383.817,3476.000,5147.433,6175.000,0.000,148.817,8929.000,,230090339.000,266742943.000,1768996200,1769765400
Falladmin Dashboard,Mozilla Firefox,core,2026-01-27,Tue,60,9236.450,13174.000,2568.550,7070.000,5318.467,10108.000,0.000,148.817,8929.000,,230084240.000,266737128.000,1768996200,1769765400
Falladmin Dashboard,Mozilla Firefox,core,2026-01-28,Wed,58,9170.259,10167.000,2085.133,2890.000,5087.867,6056.000,0.000,149.033,8942.000,,230259377.000,266736269.000,1768996200,1769765400
Falladmin Dashboard,Mozilla Firefox,core,2026-01-29,Thu,60,9244.300,11058.000,2246.600,3548.000,5120.400,6319.000,0.000,148.533,8912.000,,230070067.000,266724975.000,1768996200,1769765400
Falladmin Dashboard,Mozilla Firefox,core,2026-01-30,Fri,16,9873.750,10930.000,1918.813,2755.000,4641.000,5594.000,0.000,148.813,2381.000,,61351692.000,71126524.000,1768996200,1769765400
Falladmin Dashboard,Mozilla Firefox,offhours,2026-01-21,Wed,36,8582.111,10319.000,2162.806,3439.000,4851.694,6510.000,0.000,148.639,5351.000,,137807110.000,159753366.000,1768996200,1769765400
Falladmin Dashboard,Mozilla Firefox,offhours,2026-01-22,Thu,68,8813.794,11045.000,2493.917,5319.000,5139.583,8350.000,0.000,148.569,10697.000,,275601942.000,319496870.000,1768996200,1769765400
Falladmin Dashboard,Mozilla Firefox,offhours,2026-01-23,Fri,72,8437.639,9881.000,2002.486,2555.000,4616.153,5134.000,0.000,148.694,10706.000,,275597251.000,319489779.000,1768996200,1769765400
Falladmin Dashboard,Mozilla Firefox,offhours,2026-01-24,Sat,61,7595.492,9298.000,1865.875,2196.000,4506.194,5004.000,0.000,149.292,10749.000,,275544678.000,319457274.000,1768996200,1769765400
Falladmin Dashboard,Mozilla Firefox,offhours,2026-01-25,Sun,72,8425.778,10917.000,2263.167,3318.000,4928.542,6323.000,0.000,150.139,10810.000,,276144284.000,320127228.000,1768996200,1769765400
Falladmin Dashboard,Mozilla Firefox,offhours,2026-01-26,Mon,72,8995.542,11780.000,2377.875,5383.000,5128.472,8120.000,0.000,149.597,10771.000,,276129038.000,320112958.000,1768996200,1769765400
Falladmin Dashboard,Mozilla Firefox,offhours,2026-01-27,Tue,72,8851.306,10130.000,1990.806,2591.000,4697.403,5440.000,0.000,150.042,10803.000,,276119315.000,320103775.000,1768996200,1769765400
Falladmin Dashboard,Mozilla Firefox,offhours,2026-01-28,Wed,72,8945.528,10452.000,2252.097,2681.000,4962.625,5409.000,0.000,149.764,10783.000,,276115558.000,320099542.000,1768996200,1769765400
Falladmin Dashboard,Mozilla Firefox,offhours,2026-01-29,Thu,72,9076.819,10570.000,2048.486,2622.000,4690.417,5568.000,0.000,149.597,10771.000,,276112516.000,320095804.000,1768996200,1769765400
Falladmin Dashboard,Mozilla Firefox,offhours,2026-01-30,Fri,36,8865.861,10336.000,1876.889,2249.000,4544.139,5063.000,0.000,149.389,5378.000,,138052806.000,160045294.000,1768996200,1769765400
Latenztest-E-Antrag,Mozilla Firefox,24h,2026-01-23,Fri,57,5296.404,5545.000,10.895,12.000,4852.649,5149.000,0.000,23.000,1311.000,342.000,444797847.000,645883473.000,1769178600,1769765400
Latenztest-E-Antrag,Mozilla Firefox,24h,2026-01-24,Sat,133,5056.459,5711.000,11.264,13.000,4872.854,5217.000,0.000,23.000,3312.000,864.000,1123699824.000,1631705616.000,1769178600,1769765400
Latenztest-E-Antrag,Mozilla Firefox,24h,2026-01-25,Sun,144,5197.694,5578.000,10.958,13.000,4811.493,5048.000,0.000,23.000,3312.000,864.000,1123699824.000,1631705616.000,1769178600,1769765400
Latenztest-E-Antrag,Mozilla Firefox,24h,2026-01-26,Mon,142,5344.683,5905.000,11.097,13.000,4844.535,5090.000,0.000,23.000,3312.000,864.000,1123699824.000,1631707184.000,1769178600,1769765400
Latenztest-E-Antrag,Mozilla Firefox,24h,2026-01-27,Tue,144,5542.764,5874.000,11.333,14.000,4883.021,5180.000,0.000,22.986,3310.000,864.000,1123699824.000,1631707920.000,1769178600,1769765400
Latenztest-E-Antrag,Mozilla Firefox,24h,2026-01-28,Wed,142,5542.711,5768.000,11.028,13.000,4836.375,5094.000,0.000,23.000,3312.000,864.000,1123699824.000,1631707920.000,1769178600,1769765400
Latenztest-E-Antrag,Mozilla Firefox,24h,2026-01-29,Thu,144,5543.264,5905.000,10.826,13.000,4841.188,5060.000,0.000,23.000,3312.000,864.000,1123699824.000,1631707920.000,1769178600,1769765400
Latenztest-E-Antrag,Mozilla Firefox,24h,2026-01-30,Fri,58,5645.741,5925.000,11.172,13.000,4831.914,5031.000,0.000,23.000,1334.000,348.000,452601318.000,657215690.000,1769178600,1769765400
Latenztest-E-Antrag,Mozilla Firefox,core,2026-01-23,Fri,15,5271.400,5386.000,10.867,12.000,4875.933,5149.000,0.000,23.000,345.000,90.000,117052065.000,169969335.000,1769178600,1769765400
Latenztest-E-Antrag,Mozilla Firefox,core,2026-01-24,Sat,60,5281.533,5405.000,11.133,13.000,4813.150,5168.000,0.000,23.000,1380.000,360.000,468208260.000,679877340.000,1769178600,1769765400
Latenztest-E-Antrag,Mozilla Firefox,core,2026-01-25,Sun,60,5308.883,5400.000,10.800,13.000,4781.700,4859.000,0.000,23.000,1380.000,360.000,468208260.000,679877340.000,1769178600,1769765400
Latenztest-E-Antrag,Mozilla Firefox,core,2026-01-26,Mon,58,5177.190,5775.000,11.150,13.000,4848.833,5312.000,0.000,23.000,1380.000,360.000,468208260.000,679878236.000,1769178600,1769765400
Latenztest-E-Antrag,Mozilla Firefox,core,2026-01-27,Tue,60,5540.350,5722.000,11.150,13.000,4873.467,5200.000,0.000,22.967,1378.000,360.000,468208260.000,679878300.000,1769178600,1769765400
Latenztest-E-Antrag,Mozilla Firefox,core,2026-01-28,Wed,58,5553.655,5769.000,11.000,13.000,4857.183,5303.000,0.000,23.000,1380.000,360.000,468208260.000,679878300.000,1769178600,1769765400
Latenztest-E-Antrag,Mozilla Firefox,core,2026-01-29,Thu,60,5417.917,5911.000,10.583,12.000,4819.283,5128.000,0.000,23.000,1380.000,360.000,468208260.000,679878300.000,1769178600,1769765400
Latenztest-E-Antrag,Mozilla Firefox,core,2026-01-30,Fri,16,5721.188,5959.000,11.438,15.000,4880.813,5184.000,0.000,23.000,368.000,96.000,124855536.000,181300880.000,1769178600,1769765400
Latenztest-E-Antrag,Mozilla Firefox,offhours,2026-01-23,Fri,36,5298.722,5545.000,11.111,12.000,4844.000,5088.000,0.000,23.000,828.000,216.000,280924956.000,407926404.000,1769178600,1769765400
Latenztest-E-Antrag,Mozilla Firefox,offhours,2026-01-24,Sat,61,4768.689,5725.000,11.514,13.000,4933.931,5309.000,0.000,23.000,1656.000,432.000,561849912.000,815852808.000,1769178600,1769765400
Latenztest-E-Antrag,Mozilla Firefox,offhours,2026-01-25,Sun,72,5083.056,5623.000,11.042,12.000,4839.944,5065.000,0.000,23.000,1656.000,432.000,561849912.000,815852808.000,1769178600,1769765400
Latenztest-E-Antrag,Mozilla Firefox,offhours,2026-01-26,Mon,72,5471.861,5905.000,11.000,13.000,4848.292,5085.000,0.000,23.000,1656.000,432.000,561849912.000,815853384.000,1769178600,1769765400
Latenztest-E-Antrag,Mozilla Firefox,offhours,2026-01-27,Tue,72,5555.236,5881.000,11.347,14.000,4895.292,5180.000,0.000,23.000,1656.000,432.000,561849912.000,815853960.000,1769178600,1769765400
Latenztest-E-Antrag,Mozilla Firefox,offhours,2026-01-28,Wed,72,5535.903,5689.000,11.014,13.000,4831.903,4983.000,0.000,23.000,1656.000,432.000,561849912.000,815853960.000,1769178600,1769765400
Latenztest-E-Antrag,Mozilla Firefox,offhours,2026-01-29,Thu,72,5641.569,5905.000,11.000,13.000,4861.111,5040.000,0.000,23.000,1656.000,432.000,561849912.000,815853960.000,1769178600,1769765400
Latenztest-E-Antrag,Mozilla Firefox,offhours,2026-01-30,Fri,36,5604.861,5794.000,11.083,13.000,4800.972,5031.000,0.000,23.000,828.000,216.000,280924956.000,407926980.000,1769178600,1769765400
Latenztest-EaSe-Dashboard,Mozilla Firefox,24h,2026-01-21,Wed,73,16840.356,21303.000,2323.219,3045.000,2859.890,3587.000,0.000,156.329,11412.000,,279450393.000,327005240.000,1768996200,1769765400
Latenztest-EaSe-Dashboard,Mozilla Firefox,24h,2026-01-22,Thu,140,11711.079,20424.000,2156.289,2661.000,2994.114,6197.000,0.000,156.561,17848.000,,436436049.000,510700723.000,1768996200,1769765400
Latenztest-EaSe-Dashboard,Mozilla Firefox,24h,2026-01-23,Fri,144,9324.451,22201.000,2912.471,3635.000,3442.644,4203.000,0.000,156.529,13618.000,,333071141.000,389746150.000,1768996200,1769765400
Latenztest-EaSe-Dashboard,Mozilla Firefox,24h,2026-01-24,Sat,133,-1.000,-1.000,,,,,,,,,,,1768996200,1769765400
Latenztest-EaSe-Dashboard,Mozilla Firefox,24h,2026-01-25,Sun,144,6763.521,22175.000,2357.644,5357.000,3020.867,5893.000,0.000,158.111,7115.000,,172631464.000,202003004.000,1768996200,1769765400
Latenztest-EaSe-Dashboard,Mozilla Firefox,24h,2026-01-26,Mon,142,15599.155,20519.000,2527.264,7202.000,3062.944,7687.000,0.000,157.403,22666.000,,552395333.000,646383765.000,1768996200,1769765400
Latenztest-EaSe-Dashboard,Mozilla Firefox,24h,2026-01-27,Tue,144,10304.778,21957.000,2531.888,6654.000,3100.500,7291.000,0.000,157.418,15427.000,,375927479.000,439891791.000,1768996200,1769765400
Latenztest-EaSe-Dashboard,Mozilla Firefox,24h,2026-01-28,Wed,142,3038.155,20056.000,2611.667,5428.000,3325.152,5959.000,0.000,157.424,5195.000,,126587094.000,148126138.000,1768996200,1769765400
Latenztest-EaSe-Dashboard,Mozilla Firefox,24h,2026-01-29,Thu,144,573.646,-1.000,2032.667,1986.000,2534.000,2492.000,0.000,157.333,944.000,,23014784.000,26930952.000,1768996200,1769765400
Latenztest-EaSe-Dashboard,Mozilla Firefox,24h,2026-01-30,Fri,58,16424.862,21883.000,1804.724,2106.000,2323.241,2621.000,0.000,157.690,9146.000,,222491868.000,260348388.000,1768996200,1769765400
Latenztest-EaSe-Dashboard,Mozilla Firefox,core,2026-01-21,Wed,31,17230.065,25653.000,2098.387,2631.000,2615.355,3208.000,0.000,155.645,4825.000,,118664020.000,138858445.000,1768996200,1769765400
Latenztest-EaSe-Dashboard,Mozilla Firefox,core,2026-01-22,Thu,60,7714.500,20424.000,2061.559,2406.000,2639.765,3287.000,0.000,156.471,5320.000,,130162241.000,152311087.000,1768996200,1769765400
Latenztest-EaSe-Dashboard,Mozilla Firefox,core,2026-01-23,Fri,60,11498.867,28678.000,2871.956,3635.000,3400.600,4203.000,0.000,156.000,7020.000,,172275026.000,201589565.000,1768996200,1769765400
Latenztest-EaSe-Dashboard,Mozilla Firefox,core,2026-01-24,Sat,60,-1.000,-1.000,,,,,,,,,,,1768996200,1769765400
Latenztest-EaSe-Dashboard,Mozilla Firefox,core,2026-01-25,Sun,60,945.150,-1.000,1744.000,1744.000,2238.000,2238.000,0.000,159.000,477.000,,11509509.000,13467633.000,1768996200,1769765400
Latenztest-EaSe-Dashboard,Mozilla Firefox,core,2026-01-26,Mon,58,16253.672,24273.000,2916.817,7320.000,3450.650,7897.000,0.000,156.883,9413.000,,230155806.000,269317518.000,1768996200,1769765400
Latenztest-EaSe-Dashboard,Mozilla Firefox,core,2026-01-27,Tue,60,14304.550,28702.000,2906.893,6827.000,3511.268,8433.000,0.000,157.161,8801.000,,214808277.000,251359269.000,1768996200,1769765400
Latenztest-EaSe-Dashboard,Mozilla Firefox,core,2026-01-28,Wed,58,7439.690,21274.000,2611.667,5428.000,3325.152,5959.000,0.000,157.424,5195.000,,126587094.000,148126138.000,1768996200,1769765400
Latenztest-EaSe-Dashboard,Mozilla Firefox,core,2026-01-29,Thu,60,-1.000,-1.000,,,,,,,,,,,1768996200,1769765400
Latenztest-EaSe-Dashboard,Mozilla Firefox,core,2026-01-30,Fri,16,17440.000,21883.000,1615.500,1771.000,2133.000,2252.000,0.000,157.250,2516.000,,61372157.000,71815325.000,1768996200,1769765400
Latenztest-EaSe-Dashboard,Mozilla Firefox,offhours,2026-01-21,Wed,36,16499.389,19912.000,2578.667,6770.000,3130.472,7382.000,0.000,156.889,5648.000,,137817744.000,161269532.000,1768996200,1769765400
Latenztest-EaSe-Dashboard,Mozilla Firefox,offhours,2026-01-22,Thu,68,15501.779,20188.000,2238.417,2661.000,3234.264,8380.000,0.000,156.667,11280.000,,275648052.000,322552416.000,1768996200,1769765400
Latenztest-EaSe-Dashboard,Mozilla Firefox,offhours,2026-01-23,Fri,72,7900.111,18021.000,3120.694,2609.000,3648.611,3146.000,0.000,157.167,5658.000,,137825216.000,161277068.000,1768996200,1769765400
Latenztest-EaSe-Dashboard,Mozilla Firefox,offhours,2026-01-24,Sat,61,-1.000,-1.000,,,,,,,,,,,1768996200,1769765400
Latenztest-EaSe-Dashboard,Mozilla Firefox,offhours,2026-01-25,Sun,72,9711.375,22175.000,2406.750,5357.000,3112.528,5893.000,0.000,157.944,5686.000,,138103605.000,161600789.000,1768996200,1769765400
Latenztest-EaSe-Dashboard,Mozilla Firefox,offhours,2026-01-26,Mon,72,14987.694,18511.000,2128.167,2592.000,2667.500,3101.000,0.000,157.833,11364.000,,276206942.000,323201294.000,1768996200,1769765400
Latenztest-EaSe-Dashboard,Mozilla Firefox,offhours,2026-01-27,Tue,72,7399.069,17030.000,2044.556,2724.000,2566.417,3245.000,0.000,157.722,5678.000,,138103270.000,161600390.000,1768996200,1769765400
Latenztest-EaSe-Dashboard,Mozilla Firefox,offhours,2026-01-28,Wed,72,-1.000,-1.000,,,,,,,,,,,1768996200,1769765400
Latenztest-EaSe-Dashboard,Mozilla Firefox,offhours,2026-01-29,Thu,72,1148.292,13549.000,2032.667,1986.000,2534.000,2492.000,0.000,157.333,944.000,,23014784.000,26930952.000,1768996200,1769765400
Latenztest-EaSe-Dashboard,Mozilla Firefox,offhours,2026-01-30,Fri,36,15951.722,19269.000,1894.028,2295.000,2403.111,2796.000,0.000,157.778,5680.000,,138101718.000,161598854.000,1768996200,1769765400
Latenztest-PDF-oeffnen,Mozilla Firefox,24h,2026-01-21,Wed,73,6571.630,10414.000,1946.452,5707.000,2533.315,6243.000,0.000,173.589,12672.000,,192084526.000,236635741.000,1768996200,1769765400
Latenztest-PDF-oeffnen,Mozilla Firefox,24h,2026-01-22,Thu,140,6468.600,8446.000,1696.264,2074.000,2299.632,2811.000,0.000,174.597,25142.000,,380183659.000,468048910.000,1768996200,1769765400
Latenztest-PDF-oeffnen,Mozilla Firefox,24h,2026-01-23,Fri,144,6403.306,10235.000,1913.049,5992.000,2509.597,6707.000,0.000,173.813,25029.000,,379121619.000,467002203.000,1768996200,1769765400
Latenztest-PDF-oeffnen,Mozilla Firefox,24h,2026-01-24,Sat,133,5626.083,6370.000,1562.694,1892.000,2179.632,2639.000,0.000,174.278,25096.000,,378703230.000,466621928.000,1768996200,1769765400
Latenztest-PDF-oeffnen,Mozilla Firefox,24h,2026-01-25,Sun,144,5823.667,9474.000,1650.285,2349.000,2251.306,2918.000,0.000,175.625,25290.000,,380824821.000,468844941.000,1768996200,1769765400
Latenztest-PDF-oeffnen,Mozilla Firefox,24h,2026-01-26,Mon,142,6731.873,13146.000,2069.861,6321.000,2713.333,7003.000,0.000,175.597,25286.000,,381161858.000,469168608.000,1768996200,1769765400
Latenztest-PDF-oeffnen,Mozilla Firefox,24h,2026-01-27,Tue,144,6699.806,12288.000,1782.958,5427.000,2387.174,6033.000,0.000,175.063,25209.000,2.000,380526632.000,468558062.000,1768996200,1769765400
Latenztest-PDF-oeffnen,Mozilla Firefox,24h,2026-01-28,Wed,142,6352.021,7447.000,1732.542,2170.000,2334.972,3110.000,0.000,174.194,25084.000,,379535462.000,467578530.000,1768996200,1769765400
Latenztest-PDF-oeffnen,Mozilla Firefox,24h,2026-01-29,Thu,144,6399.729,8353.000,1677.417,3192.000,2290.979,3781.000,0.000,174.882,25183.000,,380290610.000,468317134.000,1768996200,1769765400
Latenztest-PDF-oeffnen,Mozilla Firefox,24h,2026-01-30,Fri,58,6133.966,7799.000,1484.345,1788.000,2069.224,2331.000,0.000,175.397,10173.000,,153611576.000,189058394.000,1768996200,1769765400
Latenztest-PDF-oeffnen,Mozilla Firefox,core,2026-01-21,Wed,31,6256.806,7269.000,1834.710,2195.000,2440.290,2743.000,0.000,172.161,5337.000,,81119996.000,100049561.000,1768996200,1769765400
Latenztest-PDF-oeffnen,Mozilla Firefox,core,2026-01-22,Thu,60,7034.100,11279.000,1834.283,2213.000,2441.767,3468.000,0.000,174.233,10454.000,,158417142.000,195021839.000,1768996200,1769765400
Latenztest-PDF-oeffnen,Mozilla Firefox,core,2026-01-23,Fri,60,7214.367,13455.000,2388.133,7808.000,2986.683,8362.000,0.000,172.300,10338.000,,157325048.000,193960704.000,1768996200,1769765400
Latenztest-PDF-oeffnen,Mozilla Firefox,core,2026-01-24,Sat,60,6534.967,8642.000,1868.350,2186.000,2485.217,3058.000,0.000,175.400,10524.000,,158201379.000,194812985.000,1768996200,1769765400
Latenztest-PDF-oeffnen,Mozilla Firefox,core,2026-01-25,Sun,60,6219.083,15230.000,1712.000,5097.000,2347.917,5881.000,0.000,175.417,10525.000,,158535883.000,195216531.000,1768996200,1769765400
Latenztest-PDF-oeffnen,Mozilla Firefox,core,2026-01-26,Mon,58,6949.190,17237.000,2489.050,12234.000,3131.717,12851.000,0.000,173.567,10414.000,,157826338.000,194519882.000,1768996200,1769765400
Latenztest-PDF-oeffnen,Mozilla Firefox,core,2026-01-27,Tue,60,7394.750,16056.000,2058.550,7049.000,2678.650,7559.000,0.000,174.433,10466.000,,158637886.000,195310018.000,1768996200,1769765400
Latenztest-PDF-oeffnen,Mozilla Firefox,core,2026-01-28,Wed,58,6913.379,11188.000,2059.717,6415.000,2644.167,7137.000,0.000,173.917,10435.000,,158168020.000,194852184.000,1768996200,1769765400
Latenztest-PDF-oeffnen,Mozilla Firefox,core,2026-01-29,Thu,60,6827.800,9306.000,1808.167,3192.000,2446.517,3781.000,0.000,174.050,10443.000,,158090981.000,194775445.000,1768996200,1769765400
Latenztest-PDF-oeffnen,Mozilla Firefox,core,2026-01-30,Fri,16,6258.500,8164.000,1357.063,1788.000,1953.500,2331.000,0.000,173.563,2777.000,,42276608.000,52059588.000,1768996200,1769765400
Latenztest-PDF-oeffnen,Mozilla Firefox,offhours,2026-01-21,Wed,36,6411.056,10414.000,2152.528,5707.000,2721.444,6243.000,0.000,174.806,6293.000,,95154680.000,117115068.000,1768996200,1769765400
Latenztest-PDF-oeffnen,Mozilla Firefox,offhours,2026-01-22,Thu,68,6075.029,7219.000,1608.472,1942.000,2190.667,2657.000,0.000,174.875,12591.000,,190050154.000,233990568.000,1768996200,1769765400
Latenztest-PDF-oeffnen,Mozilla Firefox,offhours,2026-01-23,Fri,72,5857.333,6722.000,1570.611,1983.000,2169.472,2559.000,0.000,175.125,12609.000,,190340954.000,234259726.000,1768996200,1769765400
Latenztest-PDF-oeffnen,Mozilla Firefox,offhours,2026-01-24,Sat,61,4833.754,6047.000,1359.375,1835.000,1982.111,2639.000,0.000,173.722,12508.000,,189181189.000,233157341.000,1768996200,1769765400
Latenztest-PDF-oeffnen,Mozilla Firefox,offhours,2026-01-25,Sun,72,5316.458,6343.000,1675.750,1902.000,2256.486,2469.000,0.000,175.778,12656.000,,190524331.000,234529859.000,1768996200,1769765400
Latenztest-PDF-oeffnen,Mozilla Firefox,offhours,2026-01-26,Mon,72,6259.444,8046.000,1687.792,2307.000,2335.431,2861.000,0.000,177.278,12764.000,,191572731.000,235553209.000,1768996200,1769765400
Latenztest-PDF-oeffnen,Mozilla Firefox,offhours,2026-01-27,Tue,72,6011.597,6696.000,1506.875,1828.000,2101.000,2462.000,0.000,175.722,12652.000,,190264216.000,234284154.000,1768996200,1769765400
Latenztest-PDF-oeffnen,Mozilla Firefox,offhours,2026-01-28,Wed,72,5987.861,6771.000,1510.431,1874.000,2097.000,2493.000,0.000,174.944,12596.000,,189980914.000,233992770.000,1768996200,1769765400
Latenztest-PDF-oeffnen,Mozilla Firefox,offhours,2026-01-29,Thu,72,6114.681,6567.000,1603.500,2149.000,2192.778,2695.000,0.000,175.250,12618.000,,190341635.000,234353651.000,1768996200,1769765400
Latenztest-PDF-oeffnen,Mozilla Firefox,offhours,2026-01-30,Fri,36,6105.694,6587.000,1553.056,1898.000,2134.333,2463.000,0.000,176.056,6338.000,,95451117.000,117449033.000,1768996200,1769765400
Latenztest-SRUV-HP,Mozilla Firefox,24h,2026-01-23,Fri,82,895.439,959.000,53.451,39.000,343.646,357.000,0.000,83.768,6869.000,,210314920.000,208893237.000,1769163600,1769765400
Latenztest-SRUV-HP,Mozilla Firefox,24h,2026-01-24,Sat,133,867.030,994.000,35.688,37.000,334.486,355.000,0.000,83.819,12070.000,,369341557.000,366848444.000,1769163600,1769765400
Latenztest-SRUV-HP,Mozilla Firefox,24h,2026-01-25,Sun,144,942.882,1044.000,32.639,43.000,339.681,365.000,0.000,83.604,12039.000,,369342155.000,366731478.000,1769163600,1769765400
Latenztest-SRUV-HP,Mozilla Firefox,24h,2026-01-26,Mon,142,1063.394,1105.000,35.771,46.000,409.285,384.000,0.000,83.972,12092.000,,369358151.000,366827097.000,1769163600,1769765400
Latenztest-SRUV-HP,Mozilla Firefox,24h,2026-01-27,Tue,144,1095.451,1222.000,49.049,52.000,355.458,388.000,0.000,83.708,12054.000,,369334381.000,366772389.000,1769163600,1769765400
Latenztest-SRUV-HP,Mozilla Firefox,24h,2026-01-28,Wed,142,1101.655,1175.000,31.097,40.000,323.799,358.000,0.000,83.674,12049.000,,369353670.000,366732348.000,1769163600,1769765400
Latenztest-SRUV-HP,Mozilla Firefox,24h,2026-01-29,Thu,144,1145.167,1279.000,32.000,38.000,330.076,379.000,0.000,83.826,12071.000,,366535865.000,363968513.000,1769163600,1769765400
Latenztest-SRUV-HP,Mozilla Firefox,24h,2026-01-30,Fri,58,1191.655,1248.000,31.379,39.000,326.862,352.000,0.000,83.552,4846.000,,148763577.000,147699647.000,1769163600,1769765400
Latenztest-SRUV-HP,Mozilla Firefox,core,2026-01-23,Fri,40,860.400,916.000,31.600,39.000,317.350,337.000,0.000,83.950,3358.000,,102600312.000,101901597.000,1769163600,1769765400
Latenztest-SRUV-HP,Mozilla Firefox,core,2026-01-24,Sat,60,901.150,949.000,31.383,36.000,322.450,354.000,0.000,84.150,5049.000,,153915830.000,152880284.000,1769163600,1769765400
Latenztest-SRUV-HP,Mozilla Firefox,core,2026-01-25,Sun,60,938.217,992.000,30.417,36.000,317.617,380.000,0.000,83.617,5017.000,,153891676.000,152801871.000,1769163600,1769765400
Latenztest-SRUV-HP,Mozilla Firefox,core,2026-01-26,Mon,58,1137.810,1086.000,40.233,50.000,511.517,384.000,0.000,84.200,5052.000,,153904723.000,152883182.000,1769163600,1769765400
Latenztest-SRUV-HP,Mozilla Firefox,core,2026-01-27,Tue,60,1123.383,1161.000,72.950,65.000,392.650,391.000,0.000,83.817,5029.000,,153891096.000,152828647.000,1769163600,1769765400
Latenztest-SRUV-HP,Mozilla Firefox,core,2026-01-28,Wed,58,1094.931,1158.000,31.050,44.000,318.417,342.000,0.000,83.650,5019.000,,153891483.000,152795901.000,1769163600,1769765400
Latenztest-SRUV-HP,Mozilla Firefox,core,2026-01-29,Thu,60,1114.433,1222.000,33.300,41.000,327.067,377.000,0.000,83.983,5039.000,,153902050.000,152840658.000,1769163600,1769765400
Latenztest-SRUV-HP,Mozilla Firefox,core,2026-01-30,Fri,16,1199.438,1245.000,30.250,35.000,326.688,367.000,0.000,83.500,1336.000,,41037276.000,40742916.000,1769163600,1769765400
Latenztest-SRUV-HP,Mozilla Firefox,offhours,2026-01-23,Fri,36,941.389,973.000,81.611,40.000,378.278,408.000,0.000,83.667,3012.000,,92329168.000,91710852.000,1769163600,1769765400
Latenztest-SRUV-HP,Mozilla Firefox,offhours,2026-01-24,Sat,61,828.557,1127.000,40.097,40.000,347.056,399.000,0.000,83.611,6020.000,,184656166.000,183392059.000,1769163600,1769765400
Latenztest-SRUV-HP,Mozilla Firefox,offhours,2026-01-25,Sun,72,946.014,1218.000,34.708,51.000,361.500,365.000,0.000,83.569,6017.000,,184674412.000,183361108.000,1769163600,1769765400
Latenztest-SRUV-HP,Mozilla Firefox,offhours,2026-01-26,Mon,72,1015.361,1105.000,32.764,40.000,337.611,375.000,0.000,83.750,6030.000,,184671383.000,183373437.000,1769163600,1769765400
Latenztest-SRUV-HP,Mozilla Firefox,offhours,2026-01-27,Tue,72,1081.931,1255.000,31.875,38.000,328.361,387.000,0.000,83.611,6020.000,,184667218.000,183371364.000,1769163600,1769765400
Latenztest-SRUV-HP,Mozilla Firefox,offhours,2026-01-28,Wed,72,1106.806,1175.000,31.069,40.000,328.764,358.000,0.000,83.722,6028.000,,184681900.000,183381523.000,1769163600,1769765400
Latenztest-SRUV-HP,Mozilla Firefox,offhours,2026-01-29,Thu,72,1169.917,1279.000,31.139,37.000,335.569,379.000,0.000,83.639,6022.000,,181852913.000,180556459.000,1769163600,1769765400
Latenztest-SRUV-HP,Mozilla Firefox,offhours,2026-01-30,Fri,36,1191.306,1251.000,31.639,39.000,326.972,346.000,0.000,83.583,3009.000,,92337784.000,91679224.000,1769163600,1769765400
Latenzzeit-Schli-Dashboard,Mozilla Firefox,24h,2026-01-21,Wed,73,8945.521,13720.000,2485.000,6603.000,3054.932,7130.000,0.000,154.986,11314.000,,279564137.000,330381560.000,1768996200,1769765400
Latenzzeit-Schli-Dashboard,Mozilla Firefox,24h,2026-01-22,Thu,140,9687.607,14548.000,2503.181,6646.000,3540.139,7989.000,0.000,154.771,22287.000,,551461518.000,651711486.000,1768996200,1769765400
Latenzzeit-Schli-Dashboard,Mozilla Firefox,24h,2026-01-23,Fri,144,10235.611,13664.000,2630.875,6856.000,3607.639,7881.000,0.000,154.542,22254.000,,551452328.000,651707252.000,1768996200,1769765400
Latenzzeit-Schli-Dashboard,Mozilla Firefox,24h,2026-01-24,Sat,133,10501.917,12371.000,1912.563,2420.000,3310.819,4074.000,0.000,155.479,22389.000,,551433073.000,651697789.000,1768996200,1769765400
Latenzzeit-Schli-Dashboard,Mozilla Firefox,24h,2026-01-25,Sun,144,10309.785,12922.000,2471.063,5646.000,3465.618,6188.000,0.000,156.243,22499.000,,552559006.000,652994842.000,1768996200,1769765400
Latenzzeit-Schli-Dashboard,Mozilla Firefox,24h,2026-01-26,Mon,142,9195.648,18500.000,2907.049,8249.000,3466.882,8761.000,0.000,155.896,22449.000,,552545925.000,652971809.000,1768996200,1769765400
Latenzzeit-Schli-Dashboard,Mozilla Firefox,24h,2026-01-27,Tue,144,10833.139,20634.000,2930.500,7513.000,3885.201,11057.000,0.000,156.021,22467.000,,552551059.000,652974623.000,1768996200,1769765400
Latenzzeit-Schli-Dashboard,Mozilla Firefox,24h,2026-01-28,Wed,142,11717.599,14245.000,2324.056,3947.000,3680.743,5194.000,0.000,156.264,22502.000,,552572246.000,652988642.000,1768996200,1769765400
Latenzzeit-Schli-Dashboard,Mozilla Firefox,24h,2026-01-29,Thu,144,11718.590,16339.000,2287.236,3170.000,3628.125,5562.000,0.000,155.729,22425.000,,552550136.000,652982620.000,1768996200,1769765400
Latenzzeit-Schli-Dashboard,Mozilla Firefox,24h,2026-01-30,Fri,58,8503.828,9939.000,1918.793,2696.000,2472.983,3237.000,0.000,156.103,9054.000,,222560761.000,263013481.000,1768996200,1769765400
Latenzzeit-Schli-Dashboard,Mozilla Firefox,core,2026-01-21,Wed,31,8930.806,9702.000,2463.355,6603.000,3069.129,7130.000,0.000,154.323,4784.000,,118712057.000,140293110.000,1768996200,1769765400
Latenzzeit-Schli-Dashboard,Mozilla Firefox,core,2026-01-22,Thu,60,10708.100,15293.000,2774.400,7269.000,3561.217,8791.000,0.000,154.467,9268.000,,229766752.000,271538140.000,1768996200,1769765400
Latenzzeit-Schli-Dashboard,Mozilla Firefox,core,2026-01-23,Fri,60,10452.317,16070.000,2981.333,7479.000,3915.017,8324.000,0.000,154.017,9241.000,,229761160.000,271535420.000,1768996200,1769765400
Latenzzeit-Schli-Dashboard,Mozilla Firefox,core,2026-01-24,Sat,60,11075.633,12196.000,1949.117,2542.000,3238.083,4473.000,0.000,155.367,9322.000,,229786067.000,271554599.000,1768996200,1769765400
Latenzzeit-Schli-Dashboard,Mozilla Firefox,core,2026-01-25,Sun,60,11485.400,14464.000,2392.933,6243.000,3587.483,6832.000,0.000,156.367,9382.000,,230235536.000,272081576.000,1768996200,1769765400
Latenzzeit-Schli-Dashboard,Mozilla Firefox,core,2026-01-26,Mon,58,9916.431,19077.000,3301.583,10283.000,3876.267,11048.000,0.000,155.183,9311.000,,230211021.000,272059237.000,1768996200,1769765400
Latenzzeit-Schli-Dashboard,Mozilla Firefox,core,2026-01-27,Tue,60,10255.917,20634.000,2517.600,6790.000,3211.667,7391.000,0.000,155.050,9303.000,,230213368.000,272058756.000,1768996200,1769765400
Latenzzeit-Schli-Dashboard,Mozilla Firefox,core,2026-01-28,Wed,58,11609.569,14810.000,2833.783,6317.000,3939.850,7948.000,0.000,155.750,9345.000,,230229630.000,272072178.000,1768996200,1769765400
Latenzzeit-Schli-Dashboard,Mozilla Firefox,core,2026-01-29,Thu,60,12297.783,17051.000,2596.917,7723.000,3900.800,8729.000,0.000,155.083,9305.000,,230216189.000,272064957.000,1768996200,1769765400
Latenzzeit-Schli-Dashboard,Mozilla Firefox,core,2026-01-30,Fri,16,8894.563,10231.000,1845.125,2426.000,2410.875,2970.000,0.000,155.813,2493.000,,61395794.000,72553134.000,1768996200,1769765400
Latenzzeit-Schli-Dashboard,Mozilla Firefox,offhours,2026-01-21,Wed,36,8768.917,9739.000,2608.000,7126.000,3147.333,7666.000,0.000,155.472,5597.000,,137873741.000,162934213.000,1768996200,1769765400
Latenzzeit-Schli-Dashboard,Mozilla Firefox,offhours,2026-01-22,Thu,68,8812.618,13598.000,2373.042,6407.000,3672.736,7989.000,0.000,155.111,11168.000,,275740471.000,325864935.000,1768996200,1769765400
Latenzzeit-Schli-Dashboard,Mozilla Firefox,offhours,2026-01-23,Fri,72,10156.444,13648.000,2277.861,3120.000,3332.597,5071.000,0.000,155.014,11161.000,,275736960.000,325862892.000,1768996200,1769765400
Latenzzeit-Schli-Dashboard,Mozilla Firefox,offhours,2026-01-24,Sat,61,9865.869,12583.000,1877.542,2203.000,3344.361,4049.000,0.000,155.528,11198.000,,275689498.000,325831754.000,1768996200,1769765400
Latenzzeit-Schli-Dashboard,Mozilla Firefox,offhours,2026-01-25,Sun,72,9417.861,11900.000,2627.722,5646.000,3501.917,6188.000,0.000,156.208,11247.000,,276278157.000,326497441.000,1768996200,1769765400
Latenzzeit-Schli-Dashboard,Mozilla Firefox,offhours,2026-01-26,Mon,72,8624.819,9697.000,2460.986,3302.000,3008.000,3874.000,0.000,156.500,11268.000,,276288088.000,326497392.000,1768996200,1769765400
Latenzzeit-Schli-Dashboard,Mozilla Firefox,offhours,2026-01-27,Tue,72,10923.556,14575.000,2811.389,7513.000,4021.194,11415.000,0.000,156.917,11298.000,,276292980.000,326501276.000,1768996200,1769765400
Latenzzeit-Schli-Dashboard,Mozilla Firefox,offhours,2026-01-28,Wed,72,11842.819,13118.000,1988.444,2671.000,3509.347,4493.000,0.000,156.722,11284.000,,276295244.000,326501004.000,1768996200,1769765400
Latenzzeit-Schli-Dashboard,Mozilla Firefox,offhours,2026-01-29,Thu,72,11232.778,13248.000,1910.569,2348.000,3344.250,4944.000,0.000,156.250,11250.000,,276285187.000,326502071.000,1768996200,1769765400
Latenzzeit-Schli-Dashboard,Mozilla Firefox,offhours,2026-01-30,Fri,36,8390.278,9203.000,1975.444,2739.000,2530.444,3345.000,0.000,156.222,5624.000,,138141344.000,163251760.000,1768996200,1769765400
Sachverhalt (Verfahrensakte) Ansicht,Mozilla Firefox,24h,2026-01-21,Wed,73,13947.603,22496.000,2416.110,6039.000,3108.630,7835.000,0.000,148.384,10832.000,,195509837.000,220823269.000,1768996200,1769765400
Sachverhalt (Verfahrensakte) Ansicht,Mozilla Firefox,24h,2026-01-22,Thu,140,13741.664,19766.000,2493.410,5864.000,3321.146,6985.000,0.000,148.326,21359.000,,385675457.000,435608145.000,1768996200,1769765400
Sachverhalt (Verfahrensakte) Ansicht,Mozilla Firefox,24h,2026-01-23,Fri,144,15259.139,20521.000,2383.257,3130.000,2944.132,3904.000,0.000,148.521,21387.000,,385678334.000,435611166.000,1768996200,1769765400
Sachverhalt (Verfahrensakte) Ansicht,Mozilla Firefox,24h,2026-01-24,Sat,133,13873.647,18644.000,2210.833,2757.000,2717.146,3253.000,0.000,149.028,21460.000,,385846224.000,435794080.000,1768996200,1769765400
Sachverhalt (Verfahrensakte) Ansicht,Mozilla Firefox,24h,2026-01-25,Sun,144,15066.833,21220.000,2352.868,5866.000,2874.208,6362.000,0.000,149.979,21597.000,4.000,386797490.000,436836286.000,1768996200,1769765400
Sachverhalt (Verfahrensakte) Ansicht,Mozilla Firefox,24h,2026-01-26,Mon,142,14555.887,20405.000,2409.611,3661.000,2981.500,5292.000,0.000,149.333,21504.000,,386769032.000,436808328.000,1768996200,1769765400
Sachverhalt (Verfahrensakte) Ansicht,Mozilla Firefox,24h,2026-01-27,Tue,144,14612.146,20663.000,2531.667,5690.000,3089.083,6177.000,0.000,149.424,21517.000,,386772754.000,436812114.000,1768996200,1769765400
Sachverhalt (Verfahrensakte) Ansicht,Mozilla Firefox,24h,2026-01-28,Wed,142,15536.070,19870.000,2404.563,5875.000,2934.792,6483.000,0.000,149.333,21504.000,,386777872.000,436816772.000,1768996200,1769765400
Sachverhalt (Verfahrensakte) Ansicht,Mozilla Firefox,24h,2026-01-29,Thu,144,16503.938,20969.000,2142.535,2867.000,2725.965,3723.000,0.000,149.542,21534.000,,386779747.000,436818587.000,1768996200,1769765400
Sachverhalt (Verfahrensakte) Ansicht,Mozilla Firefox,24h,2026-01-30,Fri,58,16966.345,21315.000,1979.759,2334.000,2486.655,3108.000,0.000,149.362,8663.000,,155790639.000,175944259.000,1768996200,1769765400
Sachverhalt (Verfahrensakte) Ansicht,Mozilla Firefox,core,2026-01-21,Wed,31,13753.161,17906.000,2408.613,2829.000,2965.452,3463.000,0.000,147.871,4584.000,,83021164.000,93770388.000,1768996200,1769765400
Sachverhalt (Verfahrensakte) Ansicht,Mozilla Firefox,core,2026-01-22,Thu,60,13670.833,19610.000,2894.267,6942.000,3433.250,7392.000,0.000,147.500,8850.000,,160670986.000,181478874.000,1768996200,1769765400
Sachverhalt (Verfahrensakte) Ansicht,Mozilla Firefox,core,2026-01-23,Fri,60,16534.367,22995.000,2868.900,8649.000,3438.767,10009.000,0.000,147.717,8863.000,,160677509.000,181484213.000,1768996200,1769765400
Sachverhalt (Verfahrensakte) Ansicht,Mozilla Firefox,core,2026-01-24,Sat,60,14765.367,18644.000,2039.500,2757.000,2540.117,3253.000,0.000,148.900,8934.000,,160700175.000,181506031.000,1768996200,1769765400
Sachverhalt (Verfahrensakte) Ansicht,Mozilla Firefox,core,2026-01-25,Sun,60,15344.283,24258.000,2508.367,5866.000,3047.217,6362.000,0.000,150.033,9002.000,,161164839.000,182014543.000,1768996200,1769765400
Sachverhalt (Verfahrensakte) Ansicht,Mozilla Firefox,core,2026-01-26,Mon,58,14339.310,23761.000,2601.133,3661.000,3244.983,5292.000,0.000,148.733,8924.000,,161151274.000,181999394.000,1768996200,1769765400
Sachverhalt (Verfahrensakte) Ansicht,Mozilla Firefox,core,2026-01-27,Tue,60,15041.450,25707.000,3064.700,15877.000,3585.133,16502.000,0.000,148.817,8929.000,,161131864.000,181983680.000,1768996200,1769765400
Sachverhalt (Verfahrensakte) Ansicht,Mozilla Firefox,core,2026-01-28,Wed,58,16904.534,22417.000,2647.650,3557.000,3179.683,4216.000,0.000,149.117,8947.000,,161149978.000,181999726.000,1768996200,1769765400
Sachverhalt (Verfahrensakte) Ansicht,Mozilla Firefox,core,2026-01-29,Thu,60,16668.717,21403.000,2146.833,2867.000,2724.683,3530.000,0.000,148.917,8935.000,,161141654.000,181992238.000,1768996200,1769765400
Sachverhalt (Verfahrensakte) Ansicht,Mozilla Firefox,core,2026-01-30,Fri,16,18767.063,21315.000,1878.438,2334.000,2421.000,3108.000,0.000,148.375,2374.000,,42970281.000,48530193.000,1768996200,1769765400
Sachverhalt (Verfahrensakte) Ansicht,Mozilla Firefox,offhours,2026-01-21,Wed,36,14074.861,23878.000,2525.639,6039.000,3358.611,7835.000,0.000,148.778,5356.000,,96417754.000,108901618.000,1768996200,1769765400
Sachverhalt (Verfahrensakte) Ansicht,Mozilla Firefox,offhours,2026-01-22,Thu,68,13926.029,20505.000,2255.264,2971.000,3377.083,6985.000,0.000,149.069,10733.000,,192863491.000,217827667.000,1768996200,1769765400
Sachverhalt (Verfahrensakte) Ansicht,Mozilla Firefox,offhours,2026-01-23,Fri,72,14536.667,18428.000,1948.681,2416.000,2497.708,3116.000,0.000,149.111,10736.000,,192856885.000,217822325.000,1768996200,1769765400
Sachverhalt (Verfahrensakte) Ansicht,Mozilla Firefox,offhours,2026-01-24,Sat,61,13033.885,23451.000,2407.806,5549.000,2919.528,6032.000,0.000,149.167,10740.000,,193002296.000,217983624.000,1768996200,1769765400
Sachverhalt (Verfahrensakte) Ansicht,Mozilla Firefox,offhours,2026-01-25,Sun,72,14711.208,20330.000,2114.181,2443.000,2626.139,2928.000,0.000,150.014,10801.000,4.000,193404376.000,218422716.000,1768996200,1769765400
Sachverhalt (Verfahrensakte) Ansicht,Mozilla Firefox,offhours,2026-01-26,Mon,72,14987.611,19422.000,2164.986,2761.000,2673.264,3342.000,0.000,149.736,10781.000,,193392757.000,218412517.000,1768996200,1769765400
Sachverhalt (Verfahrensakte) Ansicht,Mozilla Firefox,offhours,2026-01-27,Tue,72,14291.167,17383.000,2051.222,2590.000,2651.097,4803.000,0.000,149.917,10794.000,,193406844.000,218424852.000,1768996200,1769765400
Sachverhalt (Verfahrensakte) Ansicht,Mozilla Firefox,offhours,2026-01-28,Wed,72,14649.306,19222.000,2256.167,5875.000,2778.792,6483.000,0.000,149.486,10763.000,,193393988.000,218413604.000,1768996200,1769765400
Sachverhalt (Verfahrensakte) Ansicht,Mozilla Firefox,offhours,2026-01-29,Thu,72,16808.611,20969.000,1965.653,2662.000,2567.500,3723.000,0.000,150.153,10811.000,,193412037.000,218429557.000,1768996200,1769765400
Sachverhalt (Verfahrensakte) Ansicht,Mozilla Firefox,offhours,2026-01-30,Fri,36,16303.139,19429.000,2033.028,2242.000,2526.389,2747.000,0.000,149.861,5395.000,,96703100.000,109212072.000,1768996200,1769765400
Telefonie Ansicht,Mozilla Firefox,24h,2026-01-21,Wed,73,11693.986,20122.000,2754.082,7714.000,3277.616,8270.000,0.000,146.918,10725.000,,193430385.000,218767941.000,1768996200,1769765400
Telefonie Ansicht,Mozilla Firefox,24h,2026-01-22,Thu,140,11425.886,17989.000,2803.215,5673.000,3320.826,6139.000,0.000,147.590,21253.000,,381622365.000,431592365.000,1768996200,1769765400
Telefonie Ansicht,Mozilla Firefox,24h,2026-01-23,Fri,144,13642.722,18442.000,2473.285,3228.000,2984.688,3759.000,0.000,147.486,21238.000,,381581991.000,431561719.000,1768996200,1769765400
Telefonie Ansicht,Mozilla Firefox,24h,2026-01-24,Sat,133,13549.744,18118.000,2134.201,2980.000,2721.090,3753.000,0.000,147.972,21308.000,,381555112.000,431540712.000,1768996200,1769765400
Telefonie Ansicht,Mozilla Firefox,24h,2026-01-25,Sun,144,14505.847,18153.000,2115.965,2495.000,2632.014,3060.000,0.000,149.167,21480.000,,382723583.000,432804871.000,1768996200,1769765400
Telefonie Ansicht,Mozilla Firefox,24h,2026-01-26,Mon,142,13159.556,19718.000,2302.035,3046.000,2836.188,3618.000,0.000,148.069,21322.000,,382643009.000,432734189.000,1768996200,1769765400
Telefonie Ansicht,Mozilla Firefox,24h,2026-01-27,Tue,144,11721.368,15130.000,2326.688,5861.000,2831.743,6575.000,0.000,148.181,21338.000,,382661558.000,432752722.000,1768996200,1769765400
Telefonie Ansicht,Mozilla Firefox,24h,2026-01-28,Wed,142,13205.113,18068.000,2306.347,2920.000,2855.667,3728.000,0.000,148.583,21396.000,,382678434.000,432762670.000,1768996200,1769765400
Telefonie Ansicht,Mozilla Firefox,24h,2026-01-29,Thu,144,15199.632,19353.000,2017.590,2522.000,2581.951,3317.000,0.000,148.167,21336.000,,382635397.000,432727841.000,1768996200,1769765400
Telefonie Ansicht,Mozilla Firefox,24h,2026-01-30,Fri,58,15644.879,18799.000,1998.914,2472.000,2493.017,2942.000,0.000,148.655,8622.000,,154117719.000,174295927.000,1768996200,1769765400
Telefonie Ansicht,Mozilla Firefox,core,2026-01-21,Wed,31,11278.645,12650.000,2478.452,3417.000,3024.161,3898.000,0.000,146.355,4537.000,,82137848.000,92896592.000,1768996200,1769765400
Telefonie Ansicht,Mozilla Firefox,core,2026-01-22,Thu,60,11565.583,24176.000,3608.733,13770.000,4141.283,14224.000,0.000,146.983,8819.000,,158977597.000,179802745.000,1768996200,1769765400
Telefonie Ansicht,Mozilla Firefox,core,2026-01-23,Fri,60,14135.617,20230.000,3166.817,7234.000,3689.033,7854.000,0.000,146.467,8788.000,,158928908.000,179762788.000,1768996200,1769765400
Telefonie Ansicht,Mozilla Firefox,core,2026-01-24,Sat,60,14327.733,19469.000,2479.783,6502.000,2997.533,7148.000,0.000,147.633,8858.000,,158997697.000,179821425.000,1768996200,1769765400
Telefonie Ansicht,Mozilla Firefox,core,2026-01-25,Sun,60,13919.300,17146.000,1873.933,2421.000,2385.050,3000.000,0.000,148.767,8926.000,,159450363.000,180319787.000,1768996200,1769765400
Telefonie Ansicht,Mozilla Firefox,core,2026-01-26,Mon,58,12078.690,20872.000,2372.817,3523.000,2933.483,4033.000,0.000,147.383,8843.000,,159405323.000,180280223.000,1768996200,1769765400
Telefonie Ansicht,Mozilla Firefox,core,2026-01-27,Tue,60,11200.483,14899.000,2425.117,5861.000,2929.683,6575.000,0.000,147.700,8862.000,,159422111.000,180296475.000,1768996200,1769765400
Telefonie Ansicht,Mozilla Firefox,core,2026-01-28,Wed,58,14814.966,19496.000,2647.983,3236.000,3228.950,3930.000,0.000,147.883,8873.000,,159425423.000,180296155.000,1768996200,1769765400
Telefonie Ansicht,Mozilla Firefox,core,2026-01-29,Thu,60,15269.050,22698.000,2000.367,2612.000,2626.633,3588.000,0.000,147.400,8844.000,,159390094.000,180268342.000,1768996200,1769765400
Telefonie Ansicht,Mozilla Firefox,core,2026-01-30,Fri,16,15065.188,16645.000,1894.375,2472.000,2378.000,2942.000,0.000,147.500,2360.000,,42502126.000,48070518.000,1768996200,1769765400
Telefonie Ansicht,Mozilla Firefox,offhours,2026-01-21,Wed,36,11619.000,20122.000,3120.278,11497.000,3634.778,11972.000,0.000,147.639,5315.000,,95402027.000,107896943.000,1768996200,1769765400
Telefonie Ansicht,Mozilla Firefox,offhours,2026-01-22,Thu,68,11377.941,17447.000,2268.000,2655.000,2776.667,3327.000,0.000,148.167,10668.000,,190847258.000,215827870.000,1768996200,1769765400
Telefonie Ansicht,Mozilla Firefox,offhours,2026-01-23,Fri,72,13413.444,17047.000,1968.389,2609.000,2474.931,3110.000,0.000,148.139,10666.000,,190849383.000,215830879.000,1768996200,1769765400
Telefonie Ansicht,Mozilla Firefox,offhours,2026-01-24,Sat,61,12711.852,17520.000,1894.972,2264.000,2554.306,3753.000,0.000,148.347,10681.000,,190758317.000,215755033.000,1768996200,1769765400
Telefonie Ansicht,Mozilla Firefox,offhours,2026-01-25,Sun,72,14965.708,26560.000,2336.708,2513.000,2858.222,3073.000,0.000,149.431,10759.000,,191368123.000,216408303.000,1768996200,1769765400
Telefonie Ansicht,Mozilla Firefox,offhours,2026-01-26,Mon,72,13886.319,18219.000,2233.083,3046.000,2753.417,3549.000,0.000,148.681,10705.000,,191350502.000,216392446.000,1768996200,1769765400
Telefonie Ansicht,Mozilla Firefox,offhours,2026-01-27,Tue,72,11934.875,16909.000,2187.167,3313.000,2690.444,3791.000,0.000,148.639,10702.000,,191363600.000,216403648.000,1768996200,1769765400
Telefonie Ansicht,Mozilla Firefox,offhours,2026-01-28,Wed,72,12125.111,16252.000,2061.208,2806.000,2583.569,3452.000,0.000,148.986,10727.000,,191349647.000,216391751.000,1768996200,1769765400
Telefonie Ansicht,Mozilla Firefox,offhours,2026-01-29,Thu,72,14977.667,18332.000,1941.181,2476.000,2467.347,3003.000,0.000,148.806,10714.000,,191363977.000,216403205.000,1768996200,1769765400
Telefonie Ansicht,Mozilla Firefox,offhours,2026-01-30,Fri,36,16157.361,21732.000,1988.167,2347.000,2481.222,2828.000,0.000,149.167,5370.000,,95673211.000,108196459.000,1768996200,1769765400